
=================================================
Testing CPR-GMRES for BSR Matrix
Matrix file: /home/spring/l_s/jxpamg_all/JXPAMG-bsr/data/spe10_bsr/A_bsr_spe10.bin
Matrix type: BSR
Binary format: yes
RHS file: /home/spring/l_s/jxpamg_all/JXPAMG-bsr/data/spe10_bsr/b_spe10.dat
=================================================

BSR Matrix Info (myid 0):
  Block size: 2
  Number of block rows: 1094422
  Number of block cols: 1094422
  Number of block nonzeros: 7478310
  Scalar dimensions: 2188844 x 2188844
Reading RHS from file: /home/spring/l_s/jxpamg_all/JXPAMG-bsr/data/spe10_bsr/b_spe10.dat

Applying decoupling to serial BSR system...
  Decoupling method: True-IMPES
  Is thermal model: no
  Decoupling completed in 0.117577 seconds
  Matrix and RHS have been modified by decoupling
  First diagonal block after decoupling:
    3.416351e-02    3.089028e-04
    7.801957e-02    4.240598e+01

=================================================
Mixed Precision Iterative Refinement (IR) Solver
Using single-precision jxfpamg for inner solves
Using double-precision jxpamg for outer residuals
=================================================


Creating CPR preconditioner...
CPR setup completed in 1.241803 seconds

Creating GMRES solver with CPR preconditioner...
GMRES setup completed in 0.002982 seconds
IR Iteration  0: Initial residual = 9.044238e+00
IR Iteration  0: Residual = 9.044238e+00 (rel = 1.000000e+00)
Initial L2 norm of residual: 9.044074e+00
=============================================

Iters     resid.norm     conv.rate  rel.res.norm(wrt.b_norm)
-----    ------------    ---------- ------------------------
vecR_norm_before = 0.000000
vecR_norm_before = 0.000000
vecR_norm_before = 0.000000
vecR_norm_before = 0.000000
Entering jxf_ParBSRCommHandleDestroyEntering jxf_ParBSRCommHandleDestroy
after jxf_ParBSRCommHandleDestroy, comm_handle=0x45e4d30
Checking comm_handle structure:
  comm_handle->num_requests = 4
  comm_handle->requests = 0x4343e30
After macro expansion: requests=0x4343e30, num_requests=4
Entering num_requests
after num_requests 
after jxf_TFree(requests)
after jxf_TFree(comm_handle)
Entering jxf_ParBSRCommHandleDestroy
after jxf_ParBSRCommHandleDestroy, comm_handle=0x5339d80
Checking comm_handle structure:
  comm_handle->num_requests = 6
  comm_handle->requests = 0x5339d60
After macro expansion: requests=0x5339d60, num_requests=6
Entering num_requests

after jxf_ParBSRCommHandleDestroy, comm_handle=0x5a85d10
Checking comm_handle structure:
  comm_handle->num_requests = 6
  comm_handle->requests = 0x5a85c20
After macro expansion: requests=0x5a85c20, num_requests=6
Entering num_requests
after num_requests 
after jxf_TFree(requests)
after jxf_TFree(comm_handle)
after num_requests 
after jxf_TFree(requests)
after jxf_TFree(comm_handle)
Entering jxf_ParBSRCommHandleDestroy
after jxf_ParBSRCommHandleDestroy, comm_handle=0x5555bd0
Checking comm_handle structure:
  comm_handle->num_requests = 4
  comm_handle->requests = 0x2591360
After macro expansion: requests=0x2591360, num_requests=4
Entering num_requests
after num_requests 
after jxf_TFree(requests)
after jxf_TFree(comm_handle)
Entering jxf_ParBSRCommHandleDestroy
after jxf_ParBSRCommHandleDestroy, comm_handle=0x45e4d30
Checking comm_handle structure:
  comm_handle->num_requests = 4
  comm_handle->requests = 0x4343e30
After macro expansion: requests=0x4343e30, num_requests=4
Entering num_requests
Entering jxf_ParBSRCommHandleDestroy
after jxf_ParBSRCommHandleDestroy, comm_handle=0x5555bd0
Checking comm_handle structure:
  comm_handle->num_requests = 4
  comm_handle->requests = 0x2591360
After macro expansion: requests=0x2591360, num_requests=4
Entering num_requests
after num_requests 
after jxf_TFree(requests)
after jxf_TFree(comm_handle)
after num_requests 
after jxf_TFree(requests)
after jxf_TFree(comm_handle)
Entering jxf_ParBSRCommHandleDestroy
after jxf_ParBSRCommHandleDestroy, comm_handle=0x5339d80
Checking comm_handle structure:
  comm_handle->num_requests = 6
  comm_handle->requests = 0x5339d60
After macro expansion: requests=0x5339d60, num_requests=6
Entering num_requests
after num_requests 
after jxf_TFree(requests)
after jxf_TFree(comm_handle)
Entering jxf_ParBSRCommHandleDestroy
after jxf_ParBSRCommHandleDestroy, comm_handle=0x5a85d10
Checking comm_handle structure:
  comm_handle->num_requests = 6
  comm_handle->requests = 0x5a85c20
After macro expansion: requests=0x5a85c20, num_requests=6
Entering num_requests
after num_requests 
after jxf_TFree(requests)
after jxf_TFree(comm_handle)
vecR_norm_after = 404.344788
vecR_norm_after = 404.344788
vecR_norm_after = 404.344788
vecR_norm_after = 404.344788
    1    3.843674e+00    0.424994   4.249937e-01
vecR_norm_before = 0.000000
vecR_norm_before = 0.000000
vecR_norm_before = 0.000000
vecR_norm_before = 0.000000
Entering jxf_ParBSRCommHandleDestroy
after jxf_ParBSRCommHandleDestroy, comm_handle=0x5a85ea0
Checking comm_handle structure:
  comm_handle->num_requests = 6
  comm_handle->requests = 0x5a85e80
After macro expansion: requests=0x5a85e80, num_requests=6
Entering num_requests
after num_requests 
after jxf_TFree(requests)
after jxf_TFree(comm_handle)
Entering jxf_ParBSRCommHandleDestroy
after jxf_ParBSRCommHandleDestroy, comm_handle=0x5339ea0
Checking comm_handle structure:Entering jxf_ParBSRCommHandleDestroy
after jxf_ParBSRCommHandleDestroy, comm_handle=0x45e4e50
Checking comm_handle structure:
  comm_handle->num_requests = 4
  comm_handle->requests = 0x45e4e30
After macro expansion: requests=0x45e4e30, num_requests=4
Entering num_requests
after num_requests 
after jxf_TFree(requests)
after jxf_TFree(comm_handle)
Entering jxf_ParBSRCommHandleDestroy
after jxf_ParBSRCommHandleDestroy, comm_handle=0x5fbeaa0
Checking comm_handle structure:
  comm_handle->num_requests = 4
  comm_handle->requests = 0x5fbea80
After macro expansion: requests=0x5fbea80, num_requests=4
Entering num_requests
after num_requests 
  comm_handle->num_requests = 6
  comm_handle->requests = 0x5339e80
After macro expansion: requests=0x5339e80, num_requests=6
Entering num_requests
after num_requests 
after jxf_TFree(requests)
after jxf_TFree(comm_handle)

after jxf_TFree(requests)
after jxf_TFree(comm_handle)
Entering jxf_ParBSRCommHandleDestroy
after jxf_ParBSRCommHandleDestroy, comm_handle=0x5339ea0
Checking comm_handle structure:
  comm_handle->num_requests = 6
  comm_handle->requests = 0x5339e80
After macro expansion: requests=0x5339e80, num_requests=6
Entering num_requests
Entering jxf_ParBSRCommHandleDestroy
after jxf_ParBSRCommHandleDestroy, comm_handle=0x5a85ea0
Checking comm_handle structure:
  comm_handle->num_requests = 6
  comm_handle->requests = 0x5a85e80
After macro expansion: requests=0x5a85e80, num_requests=6
Entering num_requests
Entering jxf_ParBSRCommHandleDestroy
after jxf_ParBSRCommHandleDestroy, comm_handle=0x45e4e50
Checking comm_handle structure:
  comm_handle->num_requests = 4
  comm_handle->requests = 0x45e4e30
After macro expansion: requests=0x45e4e30, num_requests=4
Entering num_requests
after num_requests 
after jxf_TFree(requests)
after jxf_TFree(comm_handle)
after num_requests 
after jxf_TFree(requests)
after jxf_TFree(comm_handle)
after num_requests 
after jxf_TFree(requests)
after jxf_TFree(comm_handle)
Entering jxf_ParBSRCommHandleDestroy
after jxf_ParBSRCommHandleDestroy, comm_handle=0x5fbeaa0
Checking comm_handle structure:
  comm_handle->num_requests = 4
  comm_handle->requests = 0x5fbea80
After macro expansion: requests=0x5fbea80, num_requests=4
Entering num_requests
after num_requests 
after jxf_TFree(requests)
after jxf_TFree(comm_handle)
vecR_norm_after = 762.963867
vecR_norm_after = 762.963867
vecR_norm_after = 762.963867
vecR_norm_after = 762.963867
    2    2.724640e+00    0.708863   3.012624e-01
vecR_norm_before = 0.000000
vecR_norm_before = 0.000000
vecR_norm_before = 0.000000
vecR_norm_before = 0.000000
Entering jxf_ParBSRCommHandleDestroy
after jxf_ParBSRCommHandleDestroy, comm_handle=0x54a8f80
Checking comm_handle structure:
  comm_handle->num_requests = 6
  comm_handle->requests = 0x54a8f60
After macro expansion: requests=0x54a8f60, num_requests=6
Entering num_requests
after num_requests 
after jxf_TFree(requests)
after jxf_TFree(comm_handle)
Entering jxf_ParBSRCommHandleDestroy
Entering jxf_ParBSRCommHandleDestroy
after jxf_ParBSRCommHandleDestroy, comm_handle=0x5a85fc0
Checking comm_handle structure:
  comm_handle->num_requests = 6
after jxf_ParBSRCommHandleDestroy, comm_handle=0x45e4f70
Checking comm_handle structure:
  comm_handle->num_requests = 4
  comm_handle->requests = 0x45e4f50
After macro expansion: requests=0x45e4f50, num_requests=4
Entering num_requests
after num_requests 
after jxf_TFree(requests)
after jxf_TFree(comm_handle)
  comm_handle->requests = 0x5a85fa0
After macro expansion: requests=0x5a85fa0, num_requests=6
Entering num_requests
after num_requests 
after jxf_TFree(requests)
after jxf_TFree(comm_handle)
Entering jxf_ParBSRCommHandleDestroy
after jxf_ParBSRCommHandleDestroy, comm_handle=0x5fbebc0
Checking comm_handle structure:
  comm_handle->num_requests = 4
  comm_handle->requests = 0x5fbeba0
After macro expansion: requests=0x5fbeba0, num_requests=4
Entering num_requests
after num_requests 
after jxf_TFree(requests)
after jxf_TFree(comm_handle)
Entering jxf_ParBSRCommHandleDestroy
after jxf_ParBSRCommHandleDestroy, comm_handle=0x45e4f70
Checking comm_handle structure:
  comm_handle->num_requests = 4
  comm_handle->requests = 0x45e4f50
After macro expansion: requests=0x45e4f50, num_requests=4
Entering num_requests
Entering jxf_ParBSRCommHandleDestroy
after jxf_ParBSRCommHandleDestroy, comm_handle=0x5a85fc0
Checking comm_handle structure:
  comm_handle->num_requests = 6
  comm_handle->requests = 0x5a85fa0
After macro expansion: requests=0x5a85fa0, num_requests=6
Entering num_requests
after num_requests 
after jxf_TFree(requests)
after jxf_TFree(comm_handle)
Entering jxf_ParBSRCommHandleDestroy
after jxf_ParBSRCommHandleDestroy, comm_handle=0x54a8f80
Checking comm_handle structure:
  comm_handle->num_requests = 6
  comm_handle->requests = 0x54a8f60
After macro expansion: requests=0x54a8f60, num_requests=6
Entering num_requests
after num_requests 
after jxf_TFree(requests)
after jxf_TFree(comm_handle)
after num_requests 
after jxf_TFree(requests)
after jxf_TFree(comm_handle)
Entering jxf_ParBSRCommHandleDestroy
after jxf_ParBSRCommHandleDestroy, comm_handle=0x5fbebc0
Checking comm_handle structure:
  comm_handle->num_requests = 4
  comm_handle->requests = 0x5fbeba0
After macro expansion: requests=0x5fbeba0, num_requests=4
Entering num_requests
after num_requests 
after jxf_TFree(requests)
after jxf_TFree(comm_handle)
vecR_norm_after = 629.812927
vecR_norm_after = 629.812927
vecR_norm_after = 629.812927
vecR_norm_after = 629.812927
    3    2.638758e+00    0.968480   2.917665e-01
vecR_norm_before = 0.000000
vecR_norm_before = 0.000000
vecR_norm_before = 0.000000
vecR_norm_before = 0.000000
Entering jxf_ParBSRCommHandleDestroy
after jxf_ParBSRCommHandleDestroy, comm_handle=0x4ad9d70
Checking comm_handle structure:
  comm_handle->num_requests = 4
  comm_handle->requests = 0x4ad9d50
After macro expansion: requests=0x4ad9d50, num_requests=4
Entering num_requests
Entering jxf_ParBSRCommHandleDestroy
after jxf_ParBSRCommHandleDestroy, comm_handle=0x5fbece0
Checking comm_handle structure:
  comm_handle->num_requests = 4
  comm_handle->requests = 0x5fbecc0
after num_requests 
after jxf_TFree(requests)
after jxf_TFree(comm_handle)
After macro expansion: requests=0x5fbecc0, num_requests=4
Entering num_requests
after num_requests 
after jxf_TFree(requests)
after jxf_TFree(comm_handle)
Entering jxf_ParBSRCommHandleDestroy
after jxf_ParBSRCommHandleDestroy, comm_handle=0x54a90a0
Checking comm_handle structure:
  comm_handle->num_requests = 6
  comm_handle->requests = 0x54a9080
After macro expansion: requests=0x54a9080, num_requests=6
Entering num_requests
after num_requests 
after jxf_TFree(requests)
after jxf_TFree(comm_handle)
Entering jxf_ParBSRCommHandleDestroy
after jxf_ParBSRCommHandleDestroy, comm_handle=0x5a860e0
Checking comm_handle structure:
  comm_handle->num_requests = 6
  comm_handle->requests = 0x5a860c0
After macro expansion: requests=0x5a860c0, num_requests=6
Entering num_requests
after num_requests 
after jxf_TFree(requests)
after jxf_TFree(comm_handle)
Entering jxf_ParBSRCommHandleDestroy
after jxf_ParBSRCommHandleDestroy, comm_handle=0x5a860e0
Checking comm_handle structure:
  comm_handle->num_requests = 6
  comm_handle->requests = 0x5a860c0
After macro expansion: requests=0x5a860c0, num_requests=6
Entering num_requests
Entering jxf_ParBSRCommHandleDestroy
after jxf_ParBSRCommHandleDestroy, comm_handle=0x4ad9d70
Checking comm_handle structure:
  comm_handle->num_requests = 4
  comm_handle->requests = 0x4ad9d50
After macro expansion: requests=0x4ad9d50, num_requests=4
Entering num_requests
Entering jxf_ParBSRCommHandleDestroy
after jxf_ParBSRCommHandleDestroy, comm_handle=0x5fbece0
Checking comm_handle structure:
  comm_handle->num_requests = 4
  comm_handle->requests = 0x5fbecc0
After macro expansion: requests=0x5fbecc0, num_requests=4
Entering num_requests
after num_requests 
after jxf_TFree(requests)
after jxf_TFree(comm_handle)
after num_requests 
after jxf_TFree(requests)
after jxf_TFree(comm_handle)
after num_requests 
after jxf_TFree(requests)
after jxf_TFree(comm_handle)
Entering jxf_ParBSRCommHandleDestroy
after jxf_ParBSRCommHandleDestroy, comm_handle=0x54a90a0
Checking comm_handle structure:
  comm_handle->num_requests = 6
  comm_handle->requests = 0x54a9080
After macro expansion: requests=0x54a9080, num_requests=6
Entering num_requests
after num_requests 
after jxf_TFree(requests)
after jxf_TFree(comm_handle)
vecR_norm_after = 280.804565
vecR_norm_after = 280.804565
vecR_norm_after = 280.804565
vecR_norm_after = 280.804565
    4    2.595699e+00    0.983682   2.870055e-01
vecR_norm_before = 0.000000
vecR_norm_before = 0.000000
vecR_norm_before = 0.000000
vecR_norm_before = 0.000000
Entering jxf_ParBSRCommHandleDestroy
after jxf_ParBSRCommHandleDestroy, comm_handle=0x54a91c0
Checking comm_handle structure:
  comm_handle->num_requests = 6
  comm_handle->requests = 0x54a91a0
After macro expansion: requests=0x54a91a0, num_requests=6
Entering num_requests
after num_requests 
after jxf_TFree(requests)
after jxf_TFree(comm_handle)
Entering jxf_ParBSRCommHandleDestroy
after jxf_ParBSRCommHandleDestroy, comm_handle=0x5fbee00
Checking comm_handle structure:
  comm_handle->num_requests = 4
  comm_handle->requests = 0x5fbede0
After macro expansion: requests=0x5fbede0, num_requests=4
Entering num_requests
after num_requests 
after jxf_TFree(requests)
after jxf_TFree(comm_handle)
Entering jxf_ParBSRCommHandleDestroy
after jxf_ParBSRCommHandleDestroy, comm_handle=0x4ad9e90
Checking comm_handle structure:
  comm_handle->num_requests = 4
  comm_handle->requests = 0x4ad9e70
After macro expansion: requests=0x4ad9e70, num_requests=4
Entering num_requests
after num_requests 
after jxf_TFree(requests)
Entering jxf_ParBSRCommHandleDestroy
after jxf_ParBSRCommHandleDestroy, comm_handle=0x5a86200
after jxf_TFree(comm_handle)
Checking comm_handle structure:
  comm_handle->num_requests = 6
  comm_handle->requests = 0x5a861e0
After macro expansion: requests=0x5a861e0, num_requests=6
Entering num_requests
after num_requests 
after jxf_TFree(requests)
after jxf_TFree(comm_handle)
Entering jxf_ParBSRCommHandleDestroy
after jxf_ParBSRCommHandleDestroy, comm_handle=0x5fbee00
Checking comm_handle structure:
  comm_handle->num_requests = 4
  comm_handle->requests = 0x5fbede0
After macro expansion: requests=0x5fbede0, num_requests=4
Entering num_requests
Entering jxf_ParBSRCommHandleDestroy
after jxf_ParBSRCommHandleDestroy, comm_handle=0x4ad9e90
Checking comm_handle structure:
  comm_handle->num_requests = 4
  comm_handle->requests = 0x4ad9e70
After macro expansion: requests=0x4ad9e70, num_requests=4
Entering num_requests
Entering jxf_ParBSRCommHandleDestroy
after jxf_ParBSRCommHandleDestroy, comm_handle=0x54a91c0
Checking comm_handle structure:
  comm_handle->num_requests = 6
  comm_handle->requests = 0x54a91a0
After macro expansion: requests=0x54a91a0, num_requests=6
Entering num_requests
after num_requests 
after jxf_TFree(requests)
after jxf_TFree(comm_handle)
after num_requests 
after jxf_TFree(requests)
after jxf_TFree(comm_handle)
after num_requests 
after jxf_TFree(requests)
after jxf_TFree(comm_handle)
Entering jxf_ParBSRCommHandleDestroy
after jxf_ParBSRCommHandleDestroy, comm_handle=0x5a86200
Checking comm_handle structure:
  comm_handle->num_requests = 6
  comm_handle->requests = 0x5a861e0
After macro expansion: requests=0x5a861e0, num_requests=6
Entering num_requests
after num_requests 
after jxf_TFree(requests)
after jxf_TFree(comm_handle)
vecR_norm_after = 337.634491
vecR_norm_after = 337.634491
vecR_norm_after = 337.634491
vecR_norm_after = 337.634491
    5    2.550060e+00    0.982417   2.819592e-01
Entering jxf_ParBSRCommHandleDestroy
after jxf_ParBSRCommHandleDestroy, comm_handle=0x4ad9fb0
Checking comm_handle structure:
  comm_handle->num_requests = 4
  comm_handle->requests = 0x4ad9f90
After macro expansion: requests=0x4ad9f90, num_requests=4
Entering num_requests
Entering jxf_ParBSRCommHandleDestroy
after jxf_ParBSRCommHandleDestroy, comm_handle=0x5a86320
Checking comm_handle structure:
  comm_handle->num_requests = 6
  comm_handle->requests = 0x5a86300
After macro expansion: requests=0x5a86300, num_requests=6
Entering num_requests
Entering jxf_ParBSRCommHandleDestroy
after jxf_ParBSRCommHandleDestroy, comm_handle=0x5fbef20
Checking comm_handle structure:
  comm_handle->num_requests = 4
  comm_handle->requests = 0x5fbef00
After macro expansion: requests=0x5fbef00, num_requests=4
Entering num_requests
after num_requests 
after jxf_TFree(requests)
after jxf_TFree(comm_handle)
after num_requests 
after jxf_TFree(requests)
after jxf_TFree(comm_handle)
after num_requests 
after jxf_TFree(requests)
after jxf_TFree(comm_handle)
Entering jxf_ParBSRCommHandleDestroy
after jxf_ParBSRCommHandleDestroy, comm_handle=0x54a92e0
Checking comm_handle structure:
  comm_handle->num_requests = 6
  comm_handle->requests = 0x54a92c0
After macro expansion: requests=0x54a92c0, num_requests=6
Entering num_requests
after num_requests 
after jxf_TFree(requests)
after jxf_TFree(comm_handle)
Entering jxf_ParBSRCommHandleDestroy
after jxf_ParBSRCommHandleDestroy, comm_handle=0x4ad9fb0
Checking comm_handle structure:
  comm_handle->num_requests = 4
  comm_handle->requests = 0x4ad9f90
After macro expansion: requests=0x4ad9f90, num_requests=4
Entering num_requests
Entering jxf_ParBSRCommHandleDestroy
after jxf_ParBSRCommHandleDestroy, comm_handle=0x5a86320
Checking comm_handle structure:
  comm_handle->num_requests = 6
  comm_handle->requests = 0x5a86300
After macro expansion: requests=0x5a86300, num_requests=6
Entering num_requests
Entering jxf_ParBSRCommHandleDestroy
after jxf_ParBSRCommHandleDestroy, comm_handle=0x5fbef20
Checking comm_handle structure:
  comm_handle->num_requests = 4
  comm_handle->requests = 0x5fbef00
After macro expansion: requests=0x5fbef00, num_requests=4
Entering num_requests
after num_requests 
after jxf_TFree(requests)
after jxf_TFree(comm_handle)
after num_requests 
after jxf_TFree(requests)
after jxf_TFree(comm_handle)
after num_requests 
after jxf_TFree(requests)
after jxf_TFree(comm_handle)
Entering jxf_ParBSRCommHandleDestroy
after jxf_ParBSRCommHandleDestroy, comm_handle=0x54a92e0
Checking comm_handle structure:
  comm_handle->num_requests = 6
  comm_handle->requests = 0x54a92c0
After macro expansion: requests=0x54a92c0, num_requests=6
Entering num_requests
after num_requests 
after jxf_TFree(requests)
after jxf_TFree(comm_handle)
IR Iteration  1: Residual = 2.552817e+00 (rel = 2.822590e-01)
Initial L2 norm of residual: 2.552708e+00
=============================================

Iters     resid.norm     conv.rate  rel.res.norm(wrt.b_norm)
-----    ------------    ---------- ------------------------
vecR_norm_before = 0.000000
vecR_norm_before = 0.000000
vecR_norm_before = 0.000000
vecR_norm_before = 0.000000
Entering jxf_ParBSRCommHandleDestroy
after jxf_ParBSRCommHandleDestroy, comm_handle=0x5fbf040
Checking comm_handle structure:
  comm_handle->num_requests = 4
  comm_handle->requests = 0x5fbf020
After macro expansion: requests=0x5fbf020, num_requests=4
Entering num_requests
Entering jxf_ParBSRCommHandleDestroy
after jxf_ParBSRCommHandleDestroy, comm_handle=0x4708d80
Checking comm_handle structure:
  comm_handle->num_requests = 4
  comm_handle->requests = 0x4708d60
After macro expansion: requests=0x4708d60, num_requests=4
Entering num_requests
after num_requests 
after jxf_TFree(requests)
after jxf_TFree(comm_handle)
after num_requests 
after jxf_TFree(requests)
after jxf_TFree(comm_handle)
Entering jxf_ParBSRCommHandleDestroy
after jxf_ParBSRCommHandleDestroy, comm_handle=0x55f39a0
Checking comm_handle structure:
  comm_handle->num_requests = 6
  comm_handle->requests = 0x55f3980
After macro expansion: requests=0x55f3980, num_requests=6
Entering num_requests
after num_requests 
after jxf_TFree(requests)
after jxf_TFree(comm_handle)
Entering jxf_ParBSRCommHandleDestroy
after jxf_ParBSRCommHandleDestroy, comm_handle=0x50b1fa0
Checking comm_handle structure:
  comm_handle->num_requests = 6
  comm_handle->requests = 0x50b1f80
After macro expansion: requests=0x50b1f80, num_requests=6
Entering num_requests
after num_requests 
after jxf_TFree(requests)
after jxf_TFree(comm_handle)
Entering jxf_ParBSRCommHandleDestroy
after jxf_ParBSRCommHandleDestroy, comm_handle=0x4708d80
Checking comm_handle structure:
  comm_handle->num_requests = 4
  comm_handle->requests = 0x4708d60
After macro expansion: requests=0x4708d60, num_requests=4
Entering num_requests
Entering jxf_ParBSRCommHandleDestroy
after jxf_ParBSRCommHandleDestroy, comm_handle=0x50b1fa0
Checking comm_handle structure:
  comm_handle->num_requests = 6
  comm_handle->requests = 0x50b1f80
After macro expansion: requests=0x50b1f80, num_requests=6
Entering num_requests
Entering jxf_ParBSRCommHandleDestroy
after jxf_ParBSRCommHandleDestroy, comm_handle=0x5fbf040
Checking comm_handle structure:
  comm_handle->num_requests = 4
  comm_handle->requests = 0x5fbf020
After macro expansion: requests=0x5fbf020, num_requests=4
Entering num_requests
after num_requests 
after jxf_TFree(requests)
after jxf_TFree(comm_handle)
after num_requests 
after jxf_TFree(requests)
after jxf_TFree(comm_handle)
after num_requests 
after jxf_TFree(requests)
after jxf_TFree(comm_handle)
Entering jxf_ParBSRCommHandleDestroy
after jxf_ParBSRCommHandleDestroy, comm_handle=0x55f39a0
Checking comm_handle structure:
  comm_handle->num_requests = 6
  comm_handle->requests = 0x55f3980
After macro expansion: requests=0x55f3980, num_requests=6
Entering num_requests
after num_requests 
after jxf_TFree(requests)
after jxf_TFree(comm_handle)
vecR_norm_after = 818.474121
vecR_norm_after = 818.474121
vecR_norm_after = 818.474121
vecR_norm_after = 818.474121
    1    2.526093e+00    0.989574   9.895738e-01
vecR_norm_before = 0.000000
vecR_norm_before = 0.000000
vecR_norm_before = 0.000000
vecR_norm_before = 0.000000
Entering jxf_ParBSRCommHandleDestroy
after jxf_ParBSRCommHandleDestroy, comm_handle=0x50b20c0
Checking comm_handle structure:
  comm_handle->num_requests = 6
  comm_handle->requests = 0x50b20a0
After macro expansion: requests=0x50b20a0, num_requests=6
Entering num_requests
after num_requests 
after jxf_TFree(requests)
after jxf_TFree(comm_handle)
Entering jxf_ParBSRCommHandleDestroy
after jxf_ParBSRCommHandleDestroy, comm_handle=0x55f3ac0
Checking comm_handle structure:
  comm_handle->num_requests = 6
  comm_handle->requests = 0x55f3aa0
After macro expansion: requests=0x55f3aa0, num_requests=6
Entering num_requests
Entering jxf_ParBSRCommHandleDestroy
after jxf_ParBSRCommHandleDestroy, comm_handle=0x4708ea0
after num_requests 
after jxf_TFree(requests)
after jxf_TFree(comm_handle)Checking comm_handle structure:
  comm_handle->num_requests = 4
  comm_handle->requests = 0x4708e80
After macro expansion: requests=0x4708e80, num_requests=4
Entering num_requests
after num_requests 
after jxf_TFree(requests)
after jxf_TFree(comm_handle)

Entering jxf_ParBSRCommHandleDestroy
after jxf_ParBSRCommHandleDestroy, comm_handle=0x5fbf160
Checking comm_handle structure:
  comm_handle->num_requests = 4
  comm_handle->requests = 0x5fbf140
After macro expansion: requests=0x5fbf140, num_requests=4
Entering num_requests
after num_requests 
after jxf_TFree(requests)
after jxf_TFree(comm_handle)
Entering jxf_ParBSRCommHandleDestroy
after jxf_ParBSRCommHandleDestroy, comm_handle=0x4708ea0
Checking comm_handle structure:
  comm_handle->num_requests = 4
  comm_handle->requests = 0x4708e80
After macro expansion: requests=0x4708e80, num_requests=4
Entering num_requests
Entering jxf_ParBSRCommHandleDestroy
after jxf_ParBSRCommHandleDestroy, comm_handle=0x55f3ac0
Checking comm_handle structure:
  comm_handle->num_requests = 6
  comm_handle->requests = 0x55f3aa0
After macro expansion: requests=0x55f3aa0, num_requests=6
Entering num_requests
Entering jxf_ParBSRCommHandleDestroy
after jxf_ParBSRCommHandleDestroy, comm_handle=0x5fbf160
Checking comm_handle structure:
  comm_handle->num_requests = 4
  comm_handle->requests = 0x5fbf140
After macro expansion: requests=0x5fbf140, num_requests=4
Entering num_requests
after num_requests 
after jxf_TFree(requests)
after jxf_TFree(comm_handle)
after num_requests 
after jxf_TFree(requests)
after jxf_TFree(comm_handle)
after num_requests 
after jxf_TFree(requests)
after jxf_TFree(comm_handle)
Entering jxf_ParBSRCommHandleDestroy
after jxf_ParBSRCommHandleDestroy, comm_handle=0x50b20c0
Checking comm_handle structure:
  comm_handle->num_requests = 6
  comm_handle->requests = 0x50b20a0
After macro expansion: requests=0x50b20a0, num_requests=6
Entering num_requests
after num_requests 
after jxf_TFree(requests)
after jxf_TFree(comm_handle)
vecR_norm_after = 360.604218
vecR_norm_after = 360.604218
vecR_norm_after = 360.604218
vecR_norm_after = 360.604218
    2    2.498326e+00    0.989008   9.786960e-01
vecR_norm_before = 0.000000
vecR_norm_before = 0.000000
vecR_norm_before = 0.000000
vecR_norm_before = 0.000000
Entering jxf_ParBSRCommHandleDestroy
after jxf_ParBSRCommHandleDestroy, comm_handle=0x50b21e0
Checking comm_handle structure:
  comm_handle->num_requests = 6
  comm_handle->requests = 0x50b21c0
After macro expansion: requests=0x50b21c0, num_requests=6
Entering num_requests
after num_requests 
after jxf_TFree(requests)
after jxf_TFree(comm_handle)
Entering jxf_ParBSRCommHandleDestroy
after jxf_ParBSRCommHandleDestroy, comm_handle=0x5a82a70
Checking comm_handle structure:Entering jxf_ParBSRCommHandleDestroy
after jxf_ParBSRCommHandleDestroy, comm_handle=0x4708fc0
Checking comm_handle structure:
  comm_handle->num_requests = 4
  comm_handle->requests = 0x4708fa0
After macro expansion: requests=0x4708fa0, num_requests=4
Entering num_requests
after num_requests 
after jxf_TFree(requests)
after jxf_TFree(comm_handle)
  comm_handle->num_requests = 6
  comm_handle->requests = 0x5a82a50
After macro expansion: requests=0x5a82a50, num_requests=6
Entering num_requests

after num_requests 
after jxf_TFree(requests)
after jxf_TFree(comm_handle)
Entering jxf_ParBSRCommHandleDestroy
after jxf_ParBSRCommHandleDestroy, comm_handle=0x5fbf280
Checking comm_handle structure:
  comm_handle->num_requests = 4
  comm_handle->requests = 0x5fbf260
After macro expansion: requests=0x5fbf260, num_requests=4
Entering num_requests
after num_requests 
after jxf_TFree(requests)
after jxf_TFree(comm_handle)
Entering jxf_ParBSRCommHandleDestroy
after jxf_ParBSRCommHandleDestroy, comm_handle=0x50b21e0
Checking comm_handle structure:
  comm_handle->num_requests = 6
  comm_handle->requests = 0x50b21c0
After macro expansion: requests=0x50b21c0, num_requests=6
Entering num_requests
Entering jxf_ParBSRCommHandleDestroy
after jxf_ParBSRCommHandleDestroy, comm_handle=0x4708fc0
Checking comm_handle structure:
  comm_handle->num_requests = 4
  comm_handle->requests = 0x4708fa0
After macro expansion: requests=0x4708fa0, num_requests=4
Entering num_requests
after num_requests 
after jxf_TFree(requests)
after jxf_TFree(comm_handle)
Entering jxf_ParBSRCommHandleDestroy
after jxf_ParBSRCommHandleDestroy, comm_handle=0x5a82a70
Checking comm_handle structure:
  comm_handle->num_requests = 6
  comm_handle->requests = 0x55f3ba0
After macro expansion: requests=0x55f3ba0, num_requests=6
Entering num_requests
after num_requests 
after jxf_TFree(requests)
after jxf_TFree(comm_handle)
after num_requests 
after jxf_TFree(requests)
after jxf_TFree(comm_handle)
Entering jxf_ParBSRCommHandleDestroy
after jxf_ParBSRCommHandleDestroy, comm_handle=0x5fbf280
Checking comm_handle structure:
  comm_handle->num_requests = 4
  comm_handle->requests = 0x5fbf260
After macro expansion: requests=0x5fbf260, num_requests=4
Entering num_requests
after num_requests 
after jxf_TFree(requests)
after jxf_TFree(comm_handle)
vecR_norm_after = 421.525848
vecR_norm_after = 421.525848
vecR_norm_after = 421.525848
vecR_norm_after = 421.525848
    3    2.473643e+00    0.990120   9.690267e-01
vecR_norm_before = 0.000000
vecR_norm_before = 0.000000
vecR_norm_before = 0.000000
vecR_norm_before = 0.000000
Entering jxf_ParBSRCommHandleDestroyEntering jxf_ParBSRCommHandleDestroy
after jxf_ParBSRCommHandleDestroy, comm_handle=0x50b2300
Checking comm_handle structure:
  comm_handle->num_requests = 6
  comm_handle->requests = 0x50b22e0
After macro expansion: requests=0x50b22e0, num_requests=6
Entering num_requests

Entering jxf_ParBSRCommHandleDestroy
after jxf_ParBSRCommHandleDestroy, comm_handle=0x4aee630
Checking comm_handle structure:
  comm_handle->num_requests = 4
  comm_handle->requests = 0x47090c0
After macro expansion: requests=0x47090c0, num_requests=4
Entering num_requests
after jxf_ParBSRCommHandleDestroy, comm_handle=0x5fbf3a0
Checking comm_handle structure:
  comm_handle->num_requests = 4
  comm_handle->requests = 0x5fbf380
After macro expansion: requests=0x5fbf380, num_requests=4
Entering num_requests
after num_requests 
after jxf_TFree(requests)
after jxf_TFree(comm_handle)
after num_requests 
after jxf_TFree(requests)
after jxf_TFree(comm_handle)
after num_requests 
after jxf_TFree(requests)
after jxf_TFree(comm_handle)
Entering jxf_ParBSRCommHandleDestroy
after jxf_ParBSRCommHandleDestroy, comm_handle=0x5a82b80
Checking comm_handle structure:
  comm_handle->num_requests = 6
  comm_handle->requests = 0x5a82b60
After macro expansion: requests=0x5a82b60, num_requests=6
Entering num_requests
after num_requests 
after jxf_TFree(requests)
after jxf_TFree(comm_handle)
Entering jxf_ParBSRCommHandleDestroy
after jxf_ParBSRCommHandleDestroy, comm_handle=0x5fbf3a0
Checking comm_handle structure:
  comm_handle->num_requests = 4
  comm_handle->requests = 0x5fbf380
After macro expansion: requests=0x5fbf380, num_requests=4
Entering num_requests
after num_requests 
after jxf_TFree(requests)
after jxf_TFree(comm_handle)
Entering jxf_ParBSRCommHandleDestroy
after jxf_ParBSRCommHandleDestroy, comm_handle=0x50b2300
Checking comm_handle structure:
  comm_handle->num_requests = 6
  comm_handle->requests = 0x50b22e0
After macro expansion: requests=0x50b22e0, num_requests=6
Entering num_requests
Entering jxf_ParBSRCommHandleDestroy
after jxf_ParBSRCommHandleDestroy, comm_handle=0x5a82b80
Checking comm_handle structure:
  comm_handle->num_requests = 6
  comm_handle->requests = 0x5a82b60
After macro expansion: requests=0x5a82b60, num_requests=6
Entering num_requests
after num_requests 
after jxf_TFree(requests)
after jxf_TFree(comm_handle)
after num_requests 
after jxf_TFree(requests)
after jxf_TFree(comm_handle)
Entering jxf_ParBSRCommHandleDestroy
after jxf_ParBSRCommHandleDestroy, comm_handle=0x4aee630
Checking comm_handle structure:
  comm_handle->num_requests = 4
  comm_handle->requests = 0x47090c0
After macro expansion: requests=0x47090c0, num_requests=4
Entering num_requests
after num_requests 
after jxf_TFree(requests)
after jxf_TFree(comm_handle)
vecR_norm_after = 554.182434
vecR_norm_after = 554.182434
vecR_norm_after = 554.182434
vecR_norm_after = 554.182434
    4    2.400372e+00    0.970379   9.403237e-01
vecR_norm_before = 0.000000
vecR_norm_before = 0.000000
vecR_norm_before = 0.000000
vecR_norm_before = 0.000000
Entering jxf_ParBSRCommHandleDestroy
after jxf_ParBSRCommHandleDestroy, comm_handle=0x5fbf4c0
Checking comm_handle structure:
  comm_handle->num_requests = 4
  comm_handle->requests = 0x5fbf4a0
Entering jxf_ParBSRCommHandleDestroyAfter macro expansion: requests=0x5fbf4a0, num_requests=4
Entering num_requests
Entering jxf_ParBSRCommHandleDestroy
after jxf_ParBSRCommHandleDestroy, comm_handle=0x5a82ca0
Checking comm_handle structure:
  comm_handle->num_requests = 6
  comm_handle->requests = 0x5a82c80
Entering jxf_ParBSRCommHandleDestroy
after jxf_ParBSRCommHandleDestroy, comm_handle=0x4aee740
Checking comm_handle structure:
  comm_handle->num_requests = 4
  comm_handle->requests = 0x4aee720
After macro expansion: requests=0x4aee720, num_requests=4
Entering num_requests
after num_requests 
After macro expansion: requests=0x5a82c80, num_requests=6
Entering num_requests
after jxf_TFree(requests)
after jxf_TFree(comm_handle)
after num_requests after num_requests 
after jxf_TFree(requests)
after jxf_TFree(comm_handle)

after jxf_ParBSRCommHandleDestroy, comm_handle=0x50b2420
Checking comm_handle structure:
  comm_handle->num_requests = 6
  comm_handle->requests = 0x50b2400
After macro expansion: requests=0x50b2400, num_requests=6
Entering num_requests
after num_requests 
after jxf_TFree(requests)
after jxf_TFree(comm_handle)

after jxf_TFree(requests)
after jxf_TFree(comm_handle)
Entering jxf_ParBSRCommHandleDestroy
after jxf_ParBSRCommHandleDestroy, comm_handle=0x5fbf4c0
Checking comm_handle structure:
  comm_handle->num_requests = 4
  comm_handle->requests = 0x5fbf4a0
After macro expansion: requests=0x5fbf4a0, num_requests=4
Entering num_requests
Entering jxf_ParBSRCommHandleDestroy
after jxf_ParBSRCommHandleDestroy, comm_handle=0x50b2420
Checking comm_handle structure:
  comm_handle->num_requests = 6
  comm_handle->requests = 0x50b2400
After macro expansion: requests=0x50b2400, num_requests=6
Entering num_requests
Entering jxf_ParBSRCommHandleDestroy
after jxf_ParBSRCommHandleDestroy, comm_handle=0x4aee740
Checking comm_handle structure:
  comm_handle->num_requests = 4
  comm_handle->requests = 0x4aee720
After macro expansion: requests=0x4aee720, num_requests=4
Entering num_requests
after num_requests 
after jxf_TFree(requests)
after jxf_TFree(comm_handle)
after num_requests 
after jxf_TFree(requests)
after jxf_TFree(comm_handle)
after num_requests 
after jxf_TFree(requests)
after jxf_TFree(comm_handle)
Entering jxf_ParBSRCommHandleDestroy
after jxf_ParBSRCommHandleDestroy, comm_handle=0x5a82ca0
Checking comm_handle structure:
  comm_handle->num_requests = 6
  comm_handle->requests = 0x5a82c80
After macro expansion: requests=0x5a82c80, num_requests=6
Entering num_requests
after num_requests 
after jxf_TFree(requests)
after jxf_TFree(comm_handle)
vecR_norm_after = 275.061035
vecR_norm_after = 275.061035
vecR_norm_after = 275.061035
vecR_norm_after = 275.061035
    5    2.229295e+00    0.928729   8.733058e-01
Entering jxf_ParBSRCommHandleDestroyEntering jxf_ParBSRCommHandleDestroy
after jxf_ParBSRCommHandleDestroy, comm_handle=0x5a82dc0
Checking comm_handle structure:
  comm_handle->num_requests = 6
  comm_handle->requests = 0x5a82da0
Entering jxf_ParBSRCommHandleDestroy
after jxf_ParBSRCommHandleDestroy, comm_handle=0x4aee860
Checking comm_handle structure:
  comm_handle->num_requests = 4
  comm_handle->requests = 0x4aee840
After macro expansion: requests=0x4aee840, num_requests=4
Entering num_requests
After macro expansion: requests=0x5a82da0, num_requests=6
Entering num_requests

after jxf_ParBSRCommHandleDestroy, comm_handle=0x5fbf5e0
Checking comm_handle structure:
  comm_handle->num_requests = 4
  comm_handle->requests = 0x5fbf5c0
After macro expansion: requests=0x5fbf5c0, num_requests=4
Entering num_requests
after num_requests after num_requests 
after jxf_TFree(requests)
after jxf_TFree(comm_handle)

after num_requests 
after jxf_TFree(requests)
after jxf_TFree(comm_handle)
after jxf_TFree(requests)
after jxf_TFree(comm_handle)
Entering jxf_ParBSRCommHandleDestroy
after jxf_ParBSRCommHandleDestroy, comm_handle=0x50b2540
Checking comm_handle structure:
  comm_handle->num_requests = 6
  comm_handle->requests = 0x50b2520
After macro expansion: requests=0x50b2520, num_requests=6
Entering num_requests
after num_requests 
after jxf_TFree(requests)
after jxf_TFree(comm_handle)
Entering jxf_ParBSRCommHandleDestroy
after jxf_ParBSRCommHandleDestroy, comm_handle=0x4aee860
Checking comm_handle structure:
  comm_handle->num_requests = 4
  comm_handle->requests = 0x4aee840
After macro expansion: requests=0x4aee840, num_requests=4
Entering num_requests
Entering jxf_ParBSRCommHandleDestroy
after jxf_ParBSRCommHandleDestroy, comm_handle=0x5fbf5e0
Checking comm_handle structure:
  comm_handle->num_requests = 4
  comm_handle->requests = 0x5fbf5c0
After macro expansion: requests=0x5fbf5c0, num_requests=4
Entering num_requests
Entering jxf_ParBSRCommHandleDestroy
after jxf_ParBSRCommHandleDestroy, comm_handle=0x5a82dc0
Checking comm_handle structure:
  comm_handle->num_requests = 6
  comm_handle->requests = 0x5a82da0
After macro expansion: requests=0x5a82da0, num_requests=6
Entering num_requests
after num_requests 
after jxf_TFree(requests)
after jxf_TFree(comm_handle)
after num_requests 
after jxf_TFree(requests)
after jxf_TFree(comm_handle)
after num_requests 
after jxf_TFree(requests)
after jxf_TFree(comm_handle)
Entering jxf_ParBSRCommHandleDestroy
after jxf_ParBSRCommHandleDestroy, comm_handle=0x50b2540
Checking comm_handle structure:
  comm_handle->num_requests = 6
  comm_handle->requests = 0x50b2520
After macro expansion: requests=0x50b2520, num_requests=6
Entering num_requests
after num_requests 
after jxf_TFree(requests)
after jxf_TFree(comm_handle)
IR Iteration  2: Residual = 2.229788e+00 (rel = 2.465424e-01)
Initial L2 norm of residual: 2.229681e+00
=============================================

Iters     resid.norm     conv.rate  rel.res.norm(wrt.b_norm)
-----    ------------    ---------- ------------------------
vecR_norm_before = 0.000000
vecR_norm_before = 0.000000
vecR_norm_before = 0.000000
vecR_norm_before = 0.000000
Entering jxf_ParBSRCommHandleDestroy
after jxf_ParBSRCommHandleDestroy, comm_handle=0x4aee980
Checking comm_handle structure:
  comm_handle->num_requests = 4
  comm_handle->requests = 0x4aee960
After macro expansion: requests=0x4aee960, num_requests=4
Entering num_requests
Entering jxf_ParBSRCommHandleDestroy
after jxf_ParBSRCommHandleDestroy, comm_handle=0x508b840
Checking comm_handle structure:
  comm_handle->num_requests = 6
  comm_handle->requests = 0x508b820
After macro expansion: requests=0x508b820, num_requests=6
Entering num_requests
Entering jxf_ParBSRCommHandleDestroy
after jxf_ParBSRCommHandleDestroy, comm_handle=0x5a82ee0
Checking comm_handle structure:
  comm_handle->num_requests = 6
  comm_handle->requests = 0x5a82ec0
After macro expansion: requests=0x5a82ec0, num_requests=6
Entering num_requests
after num_requests 
after jxf_TFree(requests)
after jxf_TFree(comm_handle)
after num_requests 
after jxf_TFree(requests)
after jxf_TFree(comm_handle)
after num_requests 
after jxf_TFree(requests)
after jxf_TFree(comm_handle)
Entering jxf_ParBSRCommHandleDestroy
after jxf_ParBSRCommHandleDestroy, comm_handle=0x5555ad0
Checking comm_handle structure:
  comm_handle->num_requests = 4
  comm_handle->requests = 0x5555ab0
After macro expansion: requests=0x5555ab0, num_requests=4
Entering num_requests
after num_requests 
after jxf_TFree(requests)
after jxf_TFree(comm_handle)
Entering jxf_ParBSRCommHandleDestroy
after jxf_ParBSRCommHandleDestroy, comm_handle=0x4aee980
Checking comm_handle structure:
  comm_handle->num_requests = 4
  comm_handle->requests = 0x4aee960
After macro expansion: requests=0x4aee960, num_requests=4
Entering num_requests
after num_requests 
after jxf_TFree(requests)
after jxf_TFree(comm_handle)
Entering jxf_ParBSRCommHandleDestroy
after jxf_ParBSRCommHandleDestroy, comm_handle=0x508b840
Checking comm_handle structure:
  comm_handle->num_requests = 6
  comm_handle->requests = 0x508b820
After macro expansion: requests=0x508b820, num_requests=6
Entering num_requests
Entering jxf_ParBSRCommHandleDestroy
after jxf_ParBSRCommHandleDestroy, comm_handle=0x5a82ee0
Checking comm_handle structure:
  comm_handle->num_requests = 6
  comm_handle->requests = 0x5a82ec0
After macro expansion: requests=0x5a82ec0, num_requests=6
Entering num_requests
after num_requests 
after jxf_TFree(requests)
after jxf_TFree(comm_handle)
after num_requests 
after jxf_TFree(requests)
after jxf_TFree(comm_handle)
Entering jxf_ParBSRCommHandleDestroy
after jxf_ParBSRCommHandleDestroy, comm_handle=0x5555ad0
Checking comm_handle structure:
  comm_handle->num_requests = 4
  comm_handle->requests = 0x5555ab0
After macro expansion: requests=0x5555ab0, num_requests=4
Entering num_requests
after num_requests 
after jxf_TFree(requests)
after jxf_TFree(comm_handle)
vecR_norm_after = 435.884674
vecR_norm_after = 435.884674
vecR_norm_after = 435.884674
vecR_norm_after = 435.884674
    1    2.112147e+00    0.947287   9.472865e-01
vecR_norm_before = 0.000000
vecR_norm_before = 0.000000
vecR_norm_before = 0.000000
vecR_norm_before = 0.000000
Entering jxf_ParBSRCommHandleDestroy
after jxf_ParBSRCommHandleDestroy, comm_handle=0x5a83000
Checking comm_handle structure:
  comm_handle->num_requests = 6
  comm_handle->requests = 0x5a82fe0
After macro expansion: requests=0x5a82fe0, num_requests=6
Entering num_requests
Entering jxf_ParBSRCommHandleDestroy
after jxf_ParBSRCommHandleDestroy, comm_handle=0x4aeeaa0
Checking comm_handle structure:
  comm_handle->num_requests = 4
  comm_handle->requests = 0x4aeea80
After macro expansion: requests=0x4aeea80, num_requests=4
Entering num_requests
after num_requests 
after jxf_TFree(requests)
after jxf_TFree(comm_handle)
after num_requests 
after jxf_TFree(requests)
after jxf_TFree(comm_handle)
Entering jxf_ParBSRCommHandleDestroy
after jxf_ParBSRCommHandleDestroy, comm_handle=0x508b960
Checking comm_handle structure:
  comm_handle->num_requests = 6
  comm_handle->requests = 0x508b940
After macro expansion: requests=0x508b940, num_requests=6
Entering num_requests
after num_requests 
after jxf_TFree(requests)
after jxf_TFree(comm_handle)
Entering jxf_ParBSRCommHandleDestroy
after jxf_ParBSRCommHandleDestroy, comm_handle=0x2541020
Checking comm_handle structure:
  comm_handle->num_requests = 4
  comm_handle->requests = 0x2541000
After macro expansion: requests=0x2541000, num_requests=4
Entering num_requests
after num_requests 
after jxf_TFree(requests)
after jxf_TFree(comm_handle)
Entering jxf_ParBSRCommHandleDestroy
after jxf_ParBSRCommHandleDestroy, comm_handle=0x4aeeaa0
Checking comm_handle structure:
  comm_handle->num_requests = 4
  comm_handle->requests = 0x4aeea80
After macro expansion: requests=0x4aeea80, num_requests=4
Entering num_requests
Entering jxf_ParBSRCommHandleDestroy
after jxf_ParBSRCommHandleDestroy, comm_handle=0x508b960
Checking comm_handle structure:
  comm_handle->num_requests = 6
  comm_handle->requests = 0x508b940
After macro expansion: requests=0x508b940, num_requests=6
Entering num_requests
after num_requests 
after jxf_TFree(requests)
after jxf_TFree(comm_handle)
Entering jxf_ParBSRCommHandleDestroy
after jxf_ParBSRCommHandleDestroy, comm_handle=0x5a83000
Checking comm_handle structure:
  comm_handle->num_requests = 6
  comm_handle->requests = 0x5a82fe0
After macro expansion: requests=0x5a82fe0, num_requests=6
Entering num_requests
after num_requests 
after jxf_TFree(requests)
after jxf_TFree(comm_handle)
after num_requests 
after jxf_TFree(requests)
after jxf_TFree(comm_handle)
Entering jxf_ParBSRCommHandleDestroy
after jxf_ParBSRCommHandleDestroy, comm_handle=0x2541020
Checking comm_handle structure:
  comm_handle->num_requests = 4
  comm_handle->requests = 0x5555b70
After macro expansion: requests=0x5555b70, num_requests=4
Entering num_requests
after num_requests 
after jxf_TFree(requests)
after jxf_TFree(comm_handle)
vecR_norm_after = 27.512213
vecR_norm_after = 27.512213
vecR_norm_after = 27.512213
vecR_norm_after = 27.512213
    2    2.037556e+00    0.964685   9.138328e-01
vecR_norm_before = 0.000000
vecR_norm_before = 0.000000
vecR_norm_before = 0.000000
vecR_norm_before = 0.000000
Entering jxf_ParBSRCommHandleDestroy
after jxf_ParBSRCommHandleDestroy, comm_handle=0x2541130
Checking comm_handle structure:
  comm_handle->num_requests = 4
  comm_handle->requests = 0x2541110
After macro expansion: requests=0x2541110, num_requests=4
Entering num_requests
Entering jxf_ParBSRCommHandleDestroyafter num_requests 
after jxf_TFree(requests)
after jxf_TFree(comm_handle)

after jxf_ParBSRCommHandleDestroy, comm_handle=0x508ba80
Entering jxf_ParBSRCommHandleDestroy
after jxf_ParBSRCommHandleDestroy, comm_handle=0x5a83120
Checking comm_handle structure:
  comm_handle->num_requests = 6
  comm_handle->requests = 0x5a83100
After macro expansion: requests=0x5a83100, num_requests=6
Entering num_requests
Checking comm_handle structure:
after num_requests 
after jxf_TFree(requests)
after jxf_TFree(comm_handle)
  comm_handle->num_requests = 6
  comm_handle->requests = 0x508ba60
After macro expansion: requests=0x508ba60, num_requests=6
Entering num_requests
Entering jxf_ParBSRCommHandleDestroyafter num_requests 
after jxf_TFree(requests)
after jxf_TFree(comm_handle)

after jxf_ParBSRCommHandleDestroy, comm_handle=0x4aeebc0
Checking comm_handle structure:
  comm_handle->num_requests = 4
  comm_handle->requests = 0x4aeeba0
After macro expansion: requests=0x4aeeba0, num_requests=4
Entering num_requests
after num_requests 
after jxf_TFree(requests)
after jxf_TFree(comm_handle)
Entering jxf_ParBSRCommHandleDestroy
after jxf_ParBSRCommHandleDestroy, comm_handle=0x2541130
Checking comm_handle structure:
  comm_handle->num_requests = 4
  comm_handle->requests = 0x2541110
After macro expansion: requests=0x2541110, num_requests=4
Entering num_requests
Entering jxf_ParBSRCommHandleDestroy
after jxf_ParBSRCommHandleDestroy, comm_handle=0x5a83120
Checking comm_handle structure:
  comm_handle->num_requests = 6
  comm_handle->requests = 0x5a83100
After macro expansion: requests=0x5a83100, num_requests=6
Entering num_requests
after num_requests 
after jxf_TFree(requests)
after jxf_TFree(comm_handle)
Entering jxf_ParBSRCommHandleDestroy
after jxf_ParBSRCommHandleDestroy, comm_handle=0x508ba80
Checking comm_handle structure:
  comm_handle->num_requests = 6
  comm_handle->requests = 0x508ba60
After macro expansion: requests=0x508ba60, num_requests=6
Entering num_requests
after num_requests 
after jxf_TFree(requests)
after jxf_TFree(comm_handle)
after num_requests 
after jxf_TFree(requests)
after jxf_TFree(comm_handle)
Entering jxf_ParBSRCommHandleDestroy
after jxf_ParBSRCommHandleDestroy, comm_handle=0x4aeebc0
Checking comm_handle structure:
  comm_handle->num_requests = 4
  comm_handle->requests = 0x4aeeba0
After macro expansion: requests=0x4aeeba0, num_requests=4
Entering num_requests
after num_requests 
after jxf_TFree(requests)
after jxf_TFree(comm_handle)
vecR_norm_after = 37.273026
vecR_norm_after = 37.273026
vecR_norm_after = 37.273026
vecR_norm_after = 37.273026
    3    1.991589e+00    0.977440   8.932171e-01
vecR_norm_before = 0.000000
vecR_norm_before = 0.000000
vecR_norm_before = 0.000000
vecR_norm_before = 0.000000
Entering jxf_ParBSRCommHandleDestroyEntering jxf_ParBSRCommHandleDestroy
after jxf_ParBSRCommHandleDestroy, comm_handle=0x508bba0
Checking comm_handle structure:
  comm_handle->num_requests = 6
  comm_handle->requests = 0x508bb80
After macro expansion: requests=0x508bb80, num_requests=6
Entering num_requests
Entering jxf_ParBSRCommHandleDestroy
after jxf_ParBSRCommHandleDestroy, comm_handle=0x5a83240
Checking comm_handle structure:
  comm_handle->num_requests = 6
  comm_handle->requests = 0x5a83220
After macro expansion: requests=0x5a83220, num_requests=6
Entering num_requests
after num_requests 
after jxf_TFree(requests)
after jxf_TFree(comm_handle)

Entering jxf_ParBSRCommHandleDestroy
after jxf_ParBSRCommHandleDestroy, comm_handle=0x4aeece0
after num_requests 
after jxf_TFree(requests)
after jxf_TFree(comm_handle)
Checking comm_handle structure:
  comm_handle->num_requests = 4
  comm_handle->requests = 0x4aeecc0
After macro expansion: requests=0x4aeecc0, num_requests=4
Entering num_requests
after num_requests 
after jxf_TFree(requests)
after jxf_TFree(comm_handle)
after jxf_ParBSRCommHandleDestroy, comm_handle=0x2541250
Checking comm_handle structure:
  comm_handle->num_requests = 4
  comm_handle->requests = 0x2541230
After macro expansion: requests=0x2541230, num_requests=4
Entering num_requests
after num_requests 
after jxf_TFree(requests)
after jxf_TFree(comm_handle)
Entering jxf_ParBSRCommHandleDestroy
after jxf_ParBSRCommHandleDestroy, comm_handle=0x508bba0
Checking comm_handle structure:
  comm_handle->num_requests = 6
  comm_handle->requests = 0x508bb80
After macro expansion: requests=0x508bb80, num_requests=6
Entering num_requests
after num_requests 
after jxf_TFree(requests)
after jxf_TFree(comm_handle)
Entering jxf_ParBSRCommHandleDestroy
after jxf_ParBSRCommHandleDestroy, comm_handle=0x4aeece0
Checking comm_handle structure:
  comm_handle->num_requests = 4
  comm_handle->requests = 0x4aeecc0
After macro expansion: requests=0x4aeecc0, num_requests=4
Entering num_requests
after num_requests 
after jxf_TFree(requests)
after jxf_TFree(comm_handle)
Entering jxf_ParBSRCommHandleDestroy
after jxf_ParBSRCommHandleDestroy, comm_handle=0x5a83240
Checking comm_handle structure:Entering jxf_ParBSRCommHandleDestroy
after jxf_ParBSRCommHandleDestroy, comm_handle=0x2541250
Checking comm_handle structure:
  comm_handle->num_requests = 6
  comm_handle->requests = 0x5a83220
After macro expansion: requests=0x5a83220, num_requests=6
Entering num_requests

  comm_handle->num_requests = 4
  comm_handle->requests = 0x2541230
After macro expansion: requests=0x2541230, num_requests=4
Entering num_requests
after num_requests 
after num_requests 
after jxf_TFree(requests)
after jxf_TFree(comm_handle)
after jxf_TFree(requests)
after jxf_TFree(comm_handle)
vecR_norm_after = 171.905197
vecR_norm_after = 171.905197
vecR_norm_after = 171.905197
vecR_norm_after = 171.905197
    4    1.927255e+00    0.967697   8.643637e-01
vecR_norm_before = 0.000000
vecR_norm_before = 0.000000
vecR_norm_before = 0.000000
vecR_norm_before = 0.000000
Entering jxf_ParBSRCommHandleDestroyEntering jxf_ParBSRCommHandleDestroyEntering jxf_ParBSRCommHandleDestroy
after jxf_ParBSRCommHandleDestroy, comm_handle=0x508bcc0
Checking comm_handle structure:
  comm_handle->num_requests = 6
  comm_handle->requests = 0x508bca0
After macro expansion: requests=0x508bca0, num_requests=6
Entering num_requests

after jxf_ParBSRCommHandleDestroy, comm_handle=0x2541370
Checking comm_handle structure:
  comm_handle->num_requests = 4
  comm_handle->requests = 0x2541350
After macro expansion: requests=0x2541350, num_requests=4
Entering num_requests
Entering jxf_ParBSRCommHandleDestroy
after jxf_ParBSRCommHandleDestroy, comm_handle=0x4aeee00
Checking comm_handle structure:
  comm_handle->num_requests = 4
  comm_handle->requests = 0x4aeede0
After macro expansion: requests=0x4aeede0, num_requests=4
Entering num_requests
after num_requests 
after jxf_TFree(requests)
after jxf_TFree(comm_handle)
after num_requests after num_requests 
after jxf_TFree(requests)
after jxf_TFree(comm_handle)


after jxf_TFree(requests)
after jxf_TFree(comm_handle)
after jxf_ParBSRCommHandleDestroy, comm_handle=0x5a83360
Checking comm_handle structure:
  comm_handle->num_requests = 6
  comm_handle->requests = 0x5a83340
After macro expansion: requests=0x5a83340, num_requests=6
Entering num_requests
after num_requests 
after jxf_TFree(requests)
after jxf_TFree(comm_handle)
Entering jxf_ParBSRCommHandleDestroy
after jxf_ParBSRCommHandleDestroy, comm_handle=0x4aeee00
Checking comm_handle structure:
  comm_handle->num_requests = 4
  comm_handle->requests = 0x4aeede0
After macro expansion: requests=0x4aeede0, num_requests=4
Entering num_requests
Entering jxf_ParBSRCommHandleDestroy
after jxf_ParBSRCommHandleDestroy, comm_handle=0x508bcc0
Checking comm_handle structure:
  comm_handle->num_requests = 6
  comm_handle->requests = 0x508bca0
After macro expansion: requests=0x508bca0, num_requests=6
Entering num_requests
after num_requests 
after jxf_TFree(requests)
after jxf_TFree(comm_handle)
after num_requests 
after jxf_TFree(requests)
after jxf_TFree(comm_handle)
Entering jxf_ParBSRCommHandleDestroy
after jxf_ParBSRCommHandleDestroy, comm_handle=0x5a83360
Checking comm_handle structure:
  comm_handle->num_requests = 6
  comm_handle->requests = 0x5a83340
After macro expansion: requests=0x5a83340, num_requests=6
Entering num_requests
after num_requests 
after jxf_TFree(requests)
after jxf_TFree(comm_handle)
Entering jxf_ParBSRCommHandleDestroy
after jxf_ParBSRCommHandleDestroy, comm_handle=0x2541370
Checking comm_handle structure:
  comm_handle->num_requests = 4
  comm_handle->requests = 0x2541350
After macro expansion: requests=0x2541350, num_requests=4
Entering num_requests
after num_requests 
after jxf_TFree(requests)
after jxf_TFree(comm_handle)
vecR_norm_after = 290.333588
vecR_norm_after = 290.333588
vecR_norm_after = 290.333588
vecR_norm_after = 290.333588
    5    1.803936e+00    0.936013   8.090556e-01
Entering jxf_ParBSRCommHandleDestroyEntering jxf_ParBSRCommHandleDestroy
after jxf_ParBSRCommHandleDestroy, comm_handle=0x508bde0
Checking comm_handle structure:
  comm_handle->num_requests = 6
  comm_handle->requests = 0x508bdc0
After macro expansion: requests=0x508bdc0, num_requests=6
Entering num_requests
Entering jxf_ParBSRCommHandleDestroy
after jxf_ParBSRCommHandleDestroy, comm_handle=0x5a83480
Checking comm_handle structure:
  comm_handle->num_requests = 6
  comm_handle->requests = 0x5a83460
After macro expansion: requests=0x5a83460, num_requests=6
Entering num_requests
Entering jxf_ParBSRCommHandleDestroy
after jxf_ParBSRCommHandleDestroy, comm_handle=0x4aeef20
Checking comm_handle structure:
  comm_handle->num_requests = 4
  comm_handle->requests = 0x4aeef00
After macro expansion: requests=0x4aeef00, num_requests=4
Entering num_requests
after num_requests 
after jxf_TFree(requests)
after jxf_TFree(comm_handle)
after num_requests 
after jxf_TFree(requests)
after jxf_TFree(comm_handle)

after num_requests 
after jxf_TFree(requests)
after jxf_TFree(comm_handle)
after jxf_ParBSRCommHandleDestroy, comm_handle=0x2541490
Checking comm_handle structure:
  comm_handle->num_requests = 4
  comm_handle->requests = 0x2541470
After macro expansion: requests=0x2541470, num_requests=4
Entering num_requests
after num_requests 
after jxf_TFree(requests)
after jxf_TFree(comm_handle)
Entering jxf_ParBSRCommHandleDestroy
after jxf_ParBSRCommHandleDestroy, comm_handle=0x508bde0
Checking comm_handle structure:
  comm_handle->num_requests = 6
  comm_handle->requests = 0x508bdc0
After macro expansion: requests=0x508bdc0, num_requests=6
Entering num_requests
Entering jxf_ParBSRCommHandleDestroy
after jxf_ParBSRCommHandleDestroy, comm_handle=0x2541490
Checking comm_handle structure:
  comm_handle->num_requests = 4
  comm_handle->requests = 0x2541470
After macro expansion: requests=0x2541470, num_requests=4
Entering num_requests
after num_requests 
after jxf_TFree(requests)
after jxf_TFree(comm_handle)
Entering jxf_ParBSRCommHandleDestroy
after jxf_ParBSRCommHandleDestroy, comm_handle=0x5a83480
Checking comm_handle structure:
  comm_handle->num_requests = 6
  comm_handle->requests = 0x5a83460
After macro expansion: requests=0x5a83460, num_requests=6
Entering num_requests
after num_requests 
after jxf_TFree(requests)
after jxf_TFree(comm_handle)
after num_requests 
after jxf_TFree(requests)
after jxf_TFree(comm_handle)
Entering jxf_ParBSRCommHandleDestroy
after jxf_ParBSRCommHandleDestroy, comm_handle=0x4aeef20
Checking comm_handle structure:
  comm_handle->num_requests = 4
  comm_handle->requests = 0x4aeef00
After macro expansion: requests=0x4aeef00, num_requests=4
Entering num_requests
after num_requests 
after jxf_TFree(requests)
after jxf_TFree(comm_handle)
IR Iteration  3: Residual = 1.804016e+00 (rel = 1.994658e-01)
Initial L2 norm of residual: 1.803952e+00
=============================================

Iters     resid.norm     conv.rate  rel.res.norm(wrt.b_norm)
-----    ------------    ---------- ------------------------
vecR_norm_before = 0.000000
vecR_norm_before = 0.000000
vecR_norm_before = 0.000000
vecR_norm_before = 0.000000
Entering jxf_ParBSRCommHandleDestroyEntering jxf_ParBSRCommHandleDestroy
after jxf_ParBSRCommHandleDestroy, comm_handle=0x508bf00
Checking comm_handle structure:
  comm_handle->num_requests = 6
  comm_handle->requests = 0x508bee0
After macro expansion: requests=0x508bee0, num_requests=6
Entering num_requests
Entering jxf_ParBSRCommHandleDestroy
after jxf_ParBSRCommHandleDestroy, comm_handle=0x5a840d0
Checking comm_handle structure:
  comm_handle->num_requests = 6
  comm_handle->requests = 0x5a840b0
After macro expansion: requests=0x5a840b0, num_requests=6
after num_requests 
after jxf_TFree(requests)
after jxf_TFree(comm_handle)
Entering num_requests

after jxf_ParBSRCommHandleDestroy, comm_handle=0x25415c0
Checking comm_handle structure:
  comm_handle->num_requests = 4
  comm_handle->requests = 0x25415a0
After macro expansion: requests=0x25415a0, num_requests=4
Entering num_requests
after num_requests 
after jxf_TFree(requests)
after jxf_TFree(comm_handle)
Entering jxf_ParBSRCommHandleDestroyafter num_requests 
after jxf_TFree(requests)
after jxf_TFree(comm_handle)

after jxf_ParBSRCommHandleDestroy, comm_handle=0x51f4f70
Checking comm_handle structure:
  comm_handle->num_requests = 4
  comm_handle->requests = 0x51f4f50
After macro expansion: requests=0x51f4f50, num_requests=4
Entering num_requests
after num_requests 
after jxf_TFree(requests)
after jxf_TFree(comm_handle)
Entering jxf_ParBSRCommHandleDestroy
after jxf_ParBSRCommHandleDestroy, comm_handle=0x25415c0
Checking comm_handle structure:
  comm_handle->num_requests = 4
  comm_handle->requests = 0x25415a0
After macro expansion: requests=0x25415a0, num_requests=4
Entering num_requests
after num_requests 
after jxf_TFree(requests)
after jxf_TFree(comm_handle)
Entering jxf_ParBSRCommHandleDestroy
after jxf_ParBSRCommHandleDestroy, comm_handle=0x508bf00
Checking comm_handle structure:
  comm_handle->num_requests = 6
  comm_handle->requests = 0x508bee0
After macro expansion: requests=0x508bee0, num_requests=6
Entering num_requests
after num_requests 
after jxf_TFree(requests)
after jxf_TFree(comm_handle)
Entering jxf_ParBSRCommHandleDestroy
after jxf_ParBSRCommHandleDestroy, comm_handle=0x51f4f70
Checking comm_handle structure:
  comm_handle->num_requests = 4
  comm_handle->requests = 0x51f4f50
After macro expansion: requests=0x51f4f50, num_requests=4
Entering num_requests
after num_requests 
after jxf_TFree(requests)
after jxf_TFree(comm_handle)
Entering jxf_ParBSRCommHandleDestroy
after jxf_ParBSRCommHandleDestroy, comm_handle=0x5a840d0
Checking comm_handle structure:
  comm_handle->num_requests = 6
  comm_handle->requests = 0x5a840b0
After macro expansion: requests=0x5a840b0, num_requests=6
Entering num_requests
after num_requests 
after jxf_TFree(requests)
after jxf_TFree(comm_handle)
vecR_norm_after = 78.738518
vecR_norm_after = 78.738518
vecR_norm_after = 78.738518
vecR_norm_after = 78.738518
    1    1.684335e+00    0.933692   9.336916e-01
vecR_norm_before = 0.000000
vecR_norm_before = 0.000000
vecR_norm_before = 0.000000
vecR_norm_before = 0.000000
Entering jxf_ParBSRCommHandleDestroy
after jxf_ParBSRCommHandleDestroy, comm_handle=0x25416e0
Entering jxf_ParBSRCommHandleDestroy
after jxf_ParBSRCommHandleDestroy, comm_handle=0x51eaf30
Checking comm_handle structure:
  comm_handle->num_requests = 4
  comm_handle->requests = 0x51eaf10
After macro expansion: requests=0x51eaf10, num_requests=4
Entering num_requests
Checking comm_handle structure:
after num_requests 
after jxf_TFree(requests)
after jxf_TFree(comm_handle)
  comm_handle->num_requests = 4
Entering jxf_ParBSRCommHandleDestroy
after jxf_ParBSRCommHandleDestroy, comm_handle=0x508c020
Checking comm_handle structure:
  comm_handle->num_requests = 6
  comm_handle->requests = 0x508c000
After macro expansion: requests=0x508c000, num_requests=6
Entering num_requests
  comm_handle->requests = 0x25416c0
After macro expansion: requests=0x25416c0, num_requests=4
Entering num_requests
Entering jxf_ParBSRCommHandleDestroy
after jxf_ParBSRCommHandleDestroy, comm_handle=0x53e9c00
Checking comm_handle structure:
  comm_handle->num_requests = 6
  comm_handle->requests = 0x53e9be0
After macro expansion: requests=0x53e9be0, num_requests=6
Entering num_requests
after num_requests after num_requests 
after jxf_TFree(requests)
after jxf_TFree(comm_handle)
after num_requests 
after jxf_TFree(requests)
after jxf_TFree(comm_handle)

after jxf_TFree(requests)
after jxf_TFree(comm_handle)
Entering jxf_ParBSRCommHandleDestroy
after jxf_ParBSRCommHandleDestroy, comm_handle=0x25416e0
Checking comm_handle structure:
  comm_handle->num_requests = 4
  comm_handle->requests = 0x25416c0
After macro expansion: requests=0x25416c0, num_requests=4
Entering num_requests
Entering jxf_ParBSRCommHandleDestroy
after jxf_ParBSRCommHandleDestroy, comm_handle=0x53e9c00
Checking comm_handle structure:
  comm_handle->num_requests = 6
  comm_handle->requests = 0x5a841b0
After macro expansion: requests=0x5a841b0, num_requests=6
Entering num_requests
Entering jxf_ParBSRCommHandleDestroy
after jxf_ParBSRCommHandleDestroy, comm_handle=0x51eaf30
Checking comm_handle structure:
  comm_handle->num_requests = 4
  comm_handle->requests = 0x51eaf10
After macro expansion: requests=0x51eaf10, num_requests=4
Entering num_requests
after num_requests 
after jxf_TFree(requests)
after jxf_TFree(comm_handle)
after num_requests 
after jxf_TFree(requests)
after jxf_TFree(comm_handle)
after num_requests 
after jxf_TFree(requests)
after jxf_TFree(comm_handle)
Entering jxf_ParBSRCommHandleDestroy
after jxf_ParBSRCommHandleDestroy, comm_handle=0x508c020
Checking comm_handle structure:
  comm_handle->num_requests = 6
  comm_handle->requests = 0x508c000
After macro expansion: requests=0x508c000, num_requests=6
Entering num_requests
after num_requests 
after jxf_TFree(requests)
after jxf_TFree(comm_handle)
vecR_norm_after = 1.400936
vecR_norm_after = 1.400936
vecR_norm_after = 1.400936
vecR_norm_after = 1.400936
    2    1.578406e+00    0.937109   8.749712e-01
vecR_norm_before = 0.000000
vecR_norm_before = 0.000000
vecR_norm_before = 0.000000
vecR_norm_before = 0.000000
Entering jxf_ParBSRCommHandleDestroyEntering jxf_ParBSRCommHandleDestroy
after jxf_ParBSRCommHandleDestroy, comm_handle=0x508c140
Checking comm_handle structure:
  comm_handle->num_requests = 6
  comm_handle->requests = 0x508c120
After macro expansion: requests=0x508c120, num_requests=6
Entering num_requests
Entering jxf_ParBSRCommHandleDestroy
after jxf_ParBSRCommHandleDestroy, comm_handle=0x53e9d10
Checking comm_handle structure:
  comm_handle->num_requests = 6
  comm_handle->requests = 0x53e9cf0
After macro expansion: requests=0x53e9cf0, num_requests=6
Entering num_requests
after num_requests 
after jxf_TFree(requests)
after jxf_TFree(comm_handle)

Entering jxf_ParBSRCommHandleDestroy
after jxf_ParBSRCommHandleDestroy, comm_handle=0x51eb050
after num_requests 
after jxf_TFree(requests)
after jxf_TFree(comm_handle)
Checking comm_handle structure:
  comm_handle->num_requests = 4
  comm_handle->requests = 0x51eb030
After macro expansion: requests=0x51eb030, num_requests=4
Entering num_requests
after num_requests 
after jxf_TFree(requests)
after jxf_TFree(comm_handle)
after jxf_ParBSRCommHandleDestroy, comm_handle=0x2541800
Checking comm_handle structure:
  comm_handle->num_requests = 4
  comm_handle->requests = 0x25417e0
After macro expansion: requests=0x25417e0, num_requests=4
Entering num_requests
after num_requests 
after jxf_TFree(requests)
after jxf_TFree(comm_handle)
Entering jxf_ParBSRCommHandleDestroy
after jxf_ParBSRCommHandleDestroy, comm_handle=0x53e9d10
Checking comm_handle structure:
  comm_handle->num_requests = 6
  comm_handle->requests = 0x53e9cf0
After macro expansion: requests=0x53e9cf0, num_requests=6
Entering num_requests
after num_requests 
after jxf_TFree(requests)
after jxf_TFree(comm_handle)
Entering jxf_ParBSRCommHandleDestroy
after jxf_ParBSRCommHandleDestroy, comm_handle=0x508c140
Checking comm_handle structure:
  comm_handle->num_requests = 6
  comm_handle->requests = 0x508c120
After macro expansion: requests=0x508c120, num_requests=6
Entering num_requests
after num_requests 
after jxf_TFree(requests)
after jxf_TFree(comm_handle)
Entering jxf_ParBSRCommHandleDestroy
after jxf_ParBSRCommHandleDestroy, comm_handle=0x2541800
Checking comm_handle structure:
  comm_handle->num_requests = 4
  comm_handle->requests = 0x25417e0
After macro expansion: requests=0x25417e0, num_requests=4
Entering num_requests
after num_requests 
after jxf_TFree(requests)
after jxf_TFree(comm_handle)
Entering jxf_ParBSRCommHandleDestroy
after jxf_ParBSRCommHandleDestroy, comm_handle=0x51eb050
Checking comm_handle structure:
  comm_handle->num_requests = 4
  comm_handle->requests = 0x51eb030
After macro expansion: requests=0x51eb030, num_requests=4
Entering num_requests
after num_requests 
after jxf_TFree(requests)
after jxf_TFree(comm_handle)
vecR_norm_after = 15.313961
vecR_norm_after = 15.313961
vecR_norm_after = 15.313961
vecR_norm_after = 15.313961
    3    1.474773e+00    0.934343   8.175232e-01
vecR_norm_before = 0.000000
vecR_norm_before = 0.000000
vecR_norm_before = 0.000000
vecR_norm_before = 0.000000
Entering jxf_ParBSRCommHandleDestroyEntering jxf_ParBSRCommHandleDestroy
after jxf_ParBSRCommHandleDestroy, comm_handle=0x508c260
Checking comm_handle structure:
  comm_handle->num_requests = 6
  comm_handle->requests = 0x508c240
After macro expansion: requests=0x508c240, num_requests=6
Entering num_requests
Entering jxf_ParBSRCommHandleDestroy
after jxf_ParBSRCommHandleDestroy, comm_handle=0x53e9e30
Checking comm_handle structure:
  comm_handle->num_requests = 6
  comm_handle->requests = 0x53e9e10
After macro expansion: requests=0x53e9e10, num_requests=6
Entering num_requests
after num_requests 
after jxf_TFree(requests)
after jxf_TFree(comm_handle)

after jxf_ParBSRCommHandleDestroy, comm_handle=0x2541920
Checking comm_handle structure:
  comm_handle->num_requests = 4
  comm_handle->requests = 0x2541900
After macro expansion: requests=0x2541900, num_requests=4
after num_requests Entering num_requests
Entering jxf_ParBSRCommHandleDestroy
after jxf_ParBSRCommHandleDestroy, comm_handle=0x51eb170
Checking comm_handle structure:
  comm_handle->num_requests = 4
  comm_handle->requests = 0x51eb150
After macro expansion: requests=0x51eb150, num_requests=4
Entering num_requests
after num_requests 
after jxf_TFree(requests)
after jxf_TFree(comm_handle)
after num_requests 
after jxf_TFree(requests)
after jxf_TFree(comm_handle)

after jxf_TFree(requests)
after jxf_TFree(comm_handle)
Entering jxf_ParBSRCommHandleDestroy
after jxf_ParBSRCommHandleDestroy, comm_handle=0x2541920
Checking comm_handle structure:
  comm_handle->num_requests = 4
  comm_handle->requests = 0x2541900
After macro expansion: requests=0x2541900, num_requests=4
Entering num_requests
after num_requests 
after jxf_TFree(requests)
after jxf_TFree(comm_handle)
Entering jxf_ParBSRCommHandleDestroy
after jxf_ParBSRCommHandleDestroy, comm_handle=0x508c260
Checking comm_handle structure:
  comm_handle->num_requests = 6
  comm_handle->requests = 0x508c240
After macro expansion: requests=0x508c240, num_requests=6
Entering num_requests
Entering jxf_ParBSRCommHandleDestroy
after jxf_ParBSRCommHandleDestroy, comm_handle=0x53e9e30
Checking comm_handle structure:
  comm_handle->num_requests = 6
  comm_handle->requests = 0x53e9e10
After macro expansion: requests=0x53e9e10, num_requests=6
Entering num_requests
after num_requests 
after jxf_TFree(requests)
after jxf_TFree(comm_handle)
after num_requests 
after jxf_TFree(requests)
after jxf_TFree(comm_handle)
Entering jxf_ParBSRCommHandleDestroy
after jxf_ParBSRCommHandleDestroy, comm_handle=0x51eb170
Checking comm_handle structure:
  comm_handle->num_requests = 4
  comm_handle->requests = 0x51eb150
After macro expansion: requests=0x51eb150, num_requests=4
Entering num_requests
after num_requests 
after jxf_TFree(requests)
after jxf_TFree(comm_handle)
vecR_norm_after = 20.918526
vecR_norm_after = 20.918526
vecR_norm_after = 20.918526
vecR_norm_after = 20.918526
    4    1.320038e+00    0.895079   7.317482e-01
vecR_norm_before = 0.000000
vecR_norm_before = 0.000000
vecR_norm_before = 0.000000
vecR_norm_before = 0.000000
Entering jxf_ParBSRCommHandleDestroyEntering jxf_ParBSRCommHandleDestroy
after jxf_ParBSRCommHandleDestroy, comm_handle=0x508c380
Checking comm_handle structure:
  comm_handle->num_requests = 6
  comm_handle->requests = 0x508c360
After macro expansion: requests=0x508c360, num_requests=6
Entering num_requests
Entering jxf_ParBSRCommHandleDestroy
after jxf_ParBSRCommHandleDestroy, comm_handle=0x53e9f50
Checking comm_handle structure:
  comm_handle->num_requests = 6
  comm_handle->requests = 0x53e9f30
After macro expansion: requests=0x53e9f30, num_requests=6
Entering num_requests
after num_requests 
after jxf_TFree(requests)
after jxf_TFree(comm_handle)
Entering jxf_ParBSRCommHandleDestroy
after jxf_ParBSRCommHandleDestroy, comm_handle=0x51eb290
Checking comm_handle structure:
after num_requests 
  comm_handle->num_requests = 4
  comm_handle->requests = 0x51eb270
After macro expansion: requests=0x51eb270, num_requests=4
Entering num_requests
after num_requests 
after jxf_TFree(requests)after jxf_TFree(requests)
after jxf_TFree(comm_handle)

after jxf_TFree(comm_handle)

after jxf_ParBSRCommHandleDestroy, comm_handle=0x2541a40
Checking comm_handle structure:
  comm_handle->num_requests = 4
  comm_handle->requests = 0x2541a20
After macro expansion: requests=0x2541a20, num_requests=4
Entering num_requests
after num_requests 
after jxf_TFree(requests)
after jxf_TFree(comm_handle)
Entering jxf_ParBSRCommHandleDestroy
after jxf_ParBSRCommHandleDestroy, comm_handle=0x51eb290
Checking comm_handle structure:
  comm_handle->num_requests = 4
  comm_handle->requests = 0x51eb270
After macro expansion: requests=0x51eb270, num_requests=4
Entering num_requests
after num_requests 
after jxf_TFree(requests)
after jxf_TFree(comm_handle)
Entering jxf_ParBSRCommHandleDestroy
after jxf_ParBSRCommHandleDestroy, comm_handle=0x2541a40
Checking comm_handle structure:
  comm_handle->num_requests = 4
  comm_handle->requests = 0x2541a20
After macro expansion: requests=0x2541a20, num_requests=4
Entering num_requests
after num_requests 
after jxf_TFree(requests)
after jxf_TFree(comm_handle)
Entering jxf_ParBSRCommHandleDestroy
after jxf_ParBSRCommHandleDestroy, comm_handle=0x508c380
Checking comm_handle structure:Entering jxf_ParBSRCommHandleDestroy
after jxf_ParBSRCommHandleDestroy, comm_handle=0x53e9f50
Checking comm_handle structure:

  comm_handle->num_requests = 6
  comm_handle->requests = 0x508c360
After macro expansion: requests=0x508c360, num_requests=6
Entering num_requests
after num_requests 
  comm_handle->num_requests = 6
  comm_handle->requests = 0x53e9f30
After macro expansion: requests=0x53e9f30, num_requests=6
Entering num_requests
after jxf_TFree(requests)
after jxf_TFree(comm_handle)
after num_requests 
after jxf_TFree(requests)
after jxf_TFree(comm_handle)
vecR_norm_after = 41.735512
vecR_norm_after = 41.735512
vecR_norm_after = 41.735512
vecR_norm_after = 41.735512
    5    1.173277e+00    0.888820   6.503925e-01
Entering jxf_ParBSRCommHandleDestroy
after jxf_ParBSRCommHandleDestroy, comm_handle=0x2541b60
Checking comm_handle structure:
  comm_handle->num_requests = 4
  comm_handle->requests = 0x2541b40
After macro expansion: requests=0x2541b40, num_requests=4
Entering num_requests
Entering jxf_ParBSRCommHandleDestroyafter num_requests 
after jxf_TFree(requests)
after jxf_TFree(comm_handle)

after jxf_ParBSRCommHandleDestroy, comm_handle=0x508c4a0
Checking comm_handle structure:
  comm_handle->num_requests = 6
  comm_handle->requests = 0x508c480
After macro expansion: requests=0x508c480, num_requests=6
Entering num_requests
Entering jxf_ParBSRCommHandleDestroy
after jxf_ParBSRCommHandleDestroy, comm_handle=0x53ea070
Checking comm_handle structure:
  comm_handle->num_requests = 6
  comm_handle->requests = 0x53ea050
After macro expansion: requests=0x53ea050, num_requests=6
Entering num_requests
Entering jxf_ParBSRCommHandleDestroy
after jxf_ParBSRCommHandleDestroy, comm_handle=0x2541b60
Checking comm_handle structure:
  comm_handle->num_requests = 4
  comm_handle->requests = 0x2541b40
After macro expansion: requests=0x2541b40, num_requests=4
Entering num_requests
after num_requests 
after jxf_TFree(requests)
after jxf_TFree(comm_handle)
after num_requests 
after jxf_TFree(requests)
after jxf_TFree(comm_handle)
Entering jxf_ParBSRCommHandleDestroy
after jxf_ParBSRCommHandleDestroy, comm_handle=0x51eb3b0
Checking comm_handle structure:
  comm_handle->num_requests = 4
  comm_handle->requests = 0x51eb390
After macro expansion: requests=0x51eb390, num_requests=4
Entering num_requests
after num_requests 
after jxf_TFree(requests)
after jxf_TFree(comm_handle)
after num_requests 
after jxf_TFree(requests)
after jxf_TFree(comm_handle)
Entering jxf_ParBSRCommHandleDestroy
after jxf_ParBSRCommHandleDestroy, comm_handle=0x508c4a0
Checking comm_handle structure:
  comm_handle->num_requests = 6
  comm_handle->requests = 0x508c480
After macro expansion: requests=0x508c480, num_requests=6
Entering num_requests
Entering jxf_ParBSRCommHandleDestroy
after jxf_ParBSRCommHandleDestroy, comm_handle=0x53ea070
Checking comm_handle structure:
  comm_handle->num_requests = 6
  comm_handle->requests = 0x53ea050
After macro expansion: requests=0x53ea050, num_requests=6
Entering num_requests
after num_requests 
after jxf_TFree(requests)
after jxf_TFree(comm_handle)
after num_requests 
after jxf_TFree(requests)
after jxf_TFree(comm_handle)
Entering jxf_ParBSRCommHandleDestroy
after jxf_ParBSRCommHandleDestroy, comm_handle=0x51eb3b0
Checking comm_handle structure:
  comm_handle->num_requests = 4
  comm_handle->requests = 0x51eb390
After macro expansion: requests=0x51eb390, num_requests=4
Entering num_requests
after num_requests 
after jxf_TFree(requests)
after jxf_TFree(comm_handle)
IR Iteration  4: Residual = 1.173339e+00 (rel = 1.297333e-01)
Initial L2 norm of residual: 1.173296e+00
=============================================

Iters     resid.norm     conv.rate  rel.res.norm(wrt.b_norm)
-----    ------------    ---------- ------------------------
vecR_norm_before = 0.000000
vecR_norm_before = 0.000000
vecR_norm_before = 0.000000
vecR_norm_before = 0.000000
Entering jxf_ParBSRCommHandleDestroy
after jxf_ParBSRCommHandleDestroy, comm_handle=0x25ca780
Checking comm_handle structure:
  comm_handle->num_requests = 4
  comm_handle->requests = 0x25ca760
After macro expansion: requests=0x25ca760, num_requests=4
Entering num_requests
Entering jxf_ParBSRCommHandleDestroy
after jxf_ParBSRCommHandleDestroy, comm_handle=0x51eb4d0
Checking comm_handle structure:
  comm_handle->num_requests = 4
  comm_handle->requests = 0x51eb4b0
After macro expansion: requests=0x51eb4b0, num_requests=4
Entering num_requests
Entering jxf_ParBSRCommHandleDestroy
after jxf_ParBSRCommHandleDestroy, comm_handle=0x54d12e0
Checking comm_handle structure:
  comm_handle->num_requests = 6
  comm_handle->requests = 0x54d12c0
After macro expansion: requests=0x54d12c0, num_requests=6
Entering num_requests
after num_requests 
after jxf_TFree(requests)
after jxf_TFree(comm_handle)
after num_requests 
after jxf_TFree(requests)
after jxf_TFree(comm_handle)
after num_requests 
after jxf_TFree(requests)
after jxf_TFree(comm_handle)
Entering jxf_ParBSRCommHandleDestroy
after jxf_ParBSRCommHandleDestroy, comm_handle=0x53ea190
Checking comm_handle structure:
  comm_handle->num_requests = 6
  comm_handle->requests = 0x53ea170
After macro expansion: requests=0x53ea170, num_requests=6
Entering num_requests
after num_requests 
after jxf_TFree(requests)
after jxf_TFree(comm_handle)
Entering jxf_ParBSRCommHandleDestroy
after jxf_ParBSRCommHandleDestroy, comm_handle=0x54d12e0
Checking comm_handle structure:
  comm_handle->num_requests = 6
  comm_handle->requests = 0x54d12c0
After macro expansion: requests=0x54d12c0, num_requests=6
Entering num_requests
Entering jxf_ParBSRCommHandleDestroy
after jxf_ParBSRCommHandleDestroy, comm_handle=0x51eb4d0
Checking comm_handle structure:
  comm_handle->num_requests = 4
  comm_handle->requests = 0x51eb4b0
After macro expansion: requests=0x51eb4b0, num_requests=4
Entering num_requests
Entering jxf_ParBSRCommHandleDestroy
after jxf_ParBSRCommHandleDestroy, comm_handle=0x25ca780
Checking comm_handle structure:
  comm_handle->num_requests = 4
  comm_handle->requests = 0x25ca760
After macro expansion: requests=0x25ca760, num_requests=4
Entering num_requests
after num_requests 
after jxf_TFree(requests)
after jxf_TFree(comm_handle)
after num_requests 
after jxf_TFree(requests)
after jxf_TFree(comm_handle)
after num_requests 
after jxf_TFree(requests)
after jxf_TFree(comm_handle)
Entering jxf_ParBSRCommHandleDestroy
after jxf_ParBSRCommHandleDestroy, comm_handle=0x53ea190
Checking comm_handle structure:
  comm_handle->num_requests = 6
  comm_handle->requests = 0x53ea170
After macro expansion: requests=0x53ea170, num_requests=6
Entering num_requests
after num_requests 
after jxf_TFree(requests)
after jxf_TFree(comm_handle)
vecR_norm_after = 3.829060
vecR_norm_after = 3.829060
vecR_norm_after = 3.829060
vecR_norm_after = 3.829060
    1    1.072373e+00    0.913983   9.139829e-01
vecR_norm_before = 0.000000
vecR_norm_before = 0.000000
vecR_norm_before = 0.000000
vecR_norm_before = 0.000000
Entering jxf_ParBSRCommHandleDestroy
after jxf_ParBSRCommHandleDestroy, comm_handle=0x25ca8a0
Checking comm_handle structure:
  comm_handle->num_requests = 4
  comm_handle->requests = 0x25ca880
After macro expansion: requests=0x25ca880, num_requests=4
Entering num_requests
Entering jxf_ParBSRCommHandleDestroy
after jxf_ParBSRCommHandleDestroy, comm_handle=0x53ea2b0
Checking comm_handle structure:
  comm_handle->num_requests = 6
  comm_handle->requests = 0x53ea290
After macro expansion: requests=0x53ea290, num_requests=6
Entering num_requests
after num_requests 
after jxf_TFree(requests)
after jxf_TFree(comm_handle)after num_requests 
after jxf_TFree(requests)
after jxf_TFree(comm_handle)

Entering jxf_ParBSRCommHandleDestroy
after jxf_ParBSRCommHandleDestroy, comm_handle=0x51eb5f0
Checking comm_handle structure:
  comm_handle->num_requests = 4
  comm_handle->requests = 0x51eb5d0
After macro expansion: requests=0x51eb5d0, num_requests=4
Entering num_requests
after num_requests 
after jxf_TFree(requests)
after jxf_TFree(comm_handle)
Entering jxf_ParBSRCommHandleDestroy
after jxf_ParBSRCommHandleDestroy, comm_handle=0x54d1400
Checking comm_handle structure:
  comm_handle->num_requests = 6
  comm_handle->requests = 0x54d13e0
After macro expansion: requests=0x54d13e0, num_requests=6
Entering num_requests
after num_requests 
after jxf_TFree(requests)
after jxf_TFree(comm_handle)
Entering jxf_ParBSRCommHandleDestroy
after jxf_ParBSRCommHandleDestroy, comm_handle=0x53ea2b0
Checking comm_handle structure:
  comm_handle->num_requests = 6
  comm_handle->requests = 0x53ea290
After macro expansion: requests=0x53ea290, num_requests=6
Entering num_requests
Entering jxf_ParBSRCommHandleDestroy
after jxf_ParBSRCommHandleDestroy, comm_handle=0x25ca8a0
Checking comm_handle structure:
  comm_handle->num_requests = 4
  comm_handle->requests = 0x25ca880
After macro expansion: requests=0x25ca880, num_requests=4
Entering num_requests
after num_requests 
after jxf_TFree(requests)
after jxf_TFree(comm_handle)
Entering jxf_ParBSRCommHandleDestroy
after jxf_ParBSRCommHandleDestroy, comm_handle=0x54d1400
Checking comm_handle structure:
  comm_handle->num_requests = 6
  comm_handle->requests = 0x54d13e0
After macro expansion: requests=0x54d13e0, num_requests=6
Entering num_requests
after num_requests 
after jxf_TFree(requests)
after jxf_TFree(comm_handle)
after num_requests 
after jxf_TFree(requests)
after jxf_TFree(comm_handle)
Entering jxf_ParBSRCommHandleDestroy
after jxf_ParBSRCommHandleDestroy, comm_handle=0x51eb5f0
Checking comm_handle structure:
  comm_handle->num_requests = 4
  comm_handle->requests = 0x51eb5d0
After macro expansion: requests=0x51eb5d0, num_requests=4
Entering num_requests
after num_requests 
after jxf_TFree(requests)
after jxf_TFree(comm_handle)
vecR_norm_after = 0.891274
vecR_norm_after = 0.891274
vecR_norm_after = 0.891274
vecR_norm_after = 0.891274
    2    1.015727e+00    0.947177   8.657036e-01
vecR_norm_before = 0.000000
vecR_norm_before = 0.000000
vecR_norm_before = 0.000000
vecR_norm_before = 0.000000
Entering jxf_ParBSRCommHandleDestroy
after jxf_ParBSRCommHandleDestroy, comm_handle=0x54d1520
Checking comm_handle structure:
  comm_handle->num_requests = 6
  comm_handle->requests = 0x54d1500
After macro expansion: requests=0x54d1500, num_requests=6
Entering num_requests
Entering jxf_ParBSRCommHandleDestroy
after num_requests 
after jxf_TFree(requests)
after jxf_TFree(comm_handle)
Entering jxf_ParBSRCommHandleDestroy
after jxf_ParBSRCommHandleDestroy, comm_handle=0x53ea3d0
Checking comm_handle structure:
after jxf_ParBSRCommHandleDestroy, comm_handle=0x51eb710
Checking comm_handle structure:
  comm_handle->num_requests = 4
  comm_handle->requests = 0x51eb6f0
After macro expansion: requests=0x51eb6f0, num_requests=4
Entering num_requests
after num_requests 
after jxf_TFree(requests)
after jxf_TFree(comm_handle)
  comm_handle->num_requests = 6
  comm_handle->requests = 0x53ea3b0
After macro expansion: requests=0x53ea3b0, num_requests=6
Entering num_requests
after num_requests 
after jxf_TFree(requests)
after jxf_TFree(comm_handle)
Entering jxf_ParBSRCommHandleDestroy
after jxf_ParBSRCommHandleDestroy, comm_handle=0x25ca9c0
Checking comm_handle structure:
  comm_handle->num_requests = 4
  comm_handle->requests = 0x25ca9a0
After macro expansion: requests=0x25ca9a0, num_requests=4
Entering num_requests
after num_requests 
after jxf_TFree(requests)
after jxf_TFree(comm_handle)
Entering jxf_ParBSRCommHandleDestroy
after jxf_ParBSRCommHandleDestroy, comm_handle=0x54d1520
Checking comm_handle structure:
  comm_handle->num_requests = 6
  comm_handle->requests = 0x54d1500
After macro expansion: requests=0x54d1500, num_requests=6
Entering num_requests
Entering jxf_ParBSRCommHandleDestroy
after jxf_ParBSRCommHandleDestroy, comm_handle=0x51eb710
Checking comm_handle structure:
  comm_handle->num_requests = 4
  comm_handle->requests = 0x51eb6f0
After macro expansion: requests=0x51eb6f0, num_requests=4
Entering num_requests
after num_requests 
after jxf_TFree(requests)
after jxf_TFree(comm_handle)
Entering jxf_ParBSRCommHandleDestroy
after jxf_ParBSRCommHandleDestroy, comm_handle=0x53ea3d0
Checking comm_handle structure:
  comm_handle->num_requests = 6
  comm_handle->requests = 0x53ea3b0
After macro expansion: requests=0x53ea3b0, num_requests=6
Entering num_requests
after num_requests 
after jxf_TFree(requests)
after jxf_TFree(comm_handle)
after num_requests 
after jxf_TFree(requests)
after jxf_TFree(comm_handle)
Entering jxf_ParBSRCommHandleDestroy
after jxf_ParBSRCommHandleDestroy, comm_handle=0x25ca9c0
Checking comm_handle structure:
  comm_handle->num_requests = 4
  comm_handle->requests = 0x25ca9a0
After macro expansion: requests=0x25ca9a0, num_requests=4
Entering num_requests
after num_requests 
after jxf_TFree(requests)
after jxf_TFree(comm_handle)
vecR_norm_after = 0.619999
vecR_norm_after = 0.619999
vecR_norm_after = 0.619999
vecR_norm_after = 0.619999
    3    9.597304e-01    0.944871   8.179779e-01
vecR_norm_before = 0.000000
vecR_norm_before = 0.000000
vecR_norm_before = 0.000000
vecR_norm_before = 0.000000
Entering jxf_ParBSRCommHandleDestroy
after jxf_ParBSRCommHandleDestroy, comm_handle=0x54d1640
Checking comm_handle structure:
  comm_handle->num_requests = 6
  comm_handle->requests = 0x54d1620
After macro expansion: requests=0x54d1620, num_requests=6
Entering num_requests
after num_requests 
after jxf_TFree(requests)
after jxf_TFree(comm_handle)
Entering jxf_ParBSRCommHandleDestroy
after jxf_ParBSRCommHandleDestroy, comm_handle=0x51eb830
Checking comm_handle structure:
  comm_handle->num_requests = 4
  comm_handle->requests = 0x51eb810
After macro expansion: requests=0x51eb810, num_requests=4
Entering num_requests
after num_requests 
after jxf_TFree(requests)
after jxf_TFree(comm_handle)
Entering jxf_ParBSRCommHandleDestroy
after jxf_ParBSRCommHandleDestroy, comm_handle=0x53ea4f0
Checking comm_handle structure:
  comm_handle->num_requests = 6
  comm_handle->requests = 0x53ea4d0
After macro expansion: requests=0x53ea4d0, num_requests=6
Entering num_requests
after num_requests 
after jxf_TFree(requests)
after jxf_TFree(comm_handle)
Entering jxf_ParBSRCommHandleDestroy
after jxf_ParBSRCommHandleDestroy, comm_handle=0x5bfc2b0
Checking comm_handle structure:
  comm_handle->num_requests = 4
  comm_handle->requests = 0x5bfc290
After macro expansion: requests=0x5bfc290, num_requests=4
Entering num_requests
after num_requests 
after jxf_TFree(requests)
after jxf_TFree(comm_handle)
Entering jxf_ParBSRCommHandleDestroy
after jxf_ParBSRCommHandleDestroy, comm_handle=0x54d1640
Checking comm_handle structure:
  comm_handle->num_requests = 6
  comm_handle->requests = 0x54d1620
After macro expansion: requests=0x54d1620, num_requests=6
Entering num_requests
Entering jxf_ParBSRCommHandleDestroy
after jxf_ParBSRCommHandleDestroy, comm_handle=0x51eb830
Checking comm_handle structure:
  comm_handle->num_requests = 4
  comm_handle->requests = 0x51eb810
After macro expansion: requests=0x51eb810, num_requests=4
Entering num_requests
after num_requests 
after jxf_TFree(requests)
after jxf_TFree(comm_handle)
Entering jxf_ParBSRCommHandleDestroy
after jxf_ParBSRCommHandleDestroy, comm_handle=0x53ea4f0
Checking comm_handle structure:
  comm_handle->num_requests = 6
  comm_handle->requests = 0x53ea4d0
After macro expansion: requests=0x53ea4d0, num_requests=6
Entering num_requests
after num_requests 
after jxf_TFree(requests)
after jxf_TFree(comm_handle)
after num_requests 
after jxf_TFree(requests)
after jxf_TFree(comm_handle)
Entering jxf_ParBSRCommHandleDestroy
after jxf_ParBSRCommHandleDestroy, comm_handle=0x5bfc2b0
Checking comm_handle structure:
  comm_handle->num_requests = 4
  comm_handle->requests = 0x25caaa0
After macro expansion: requests=0x25caaa0, num_requests=4
Entering num_requests
after num_requests 
after jxf_TFree(requests)
after jxf_TFree(comm_handle)
vecR_norm_after = 0.330539
vecR_norm_after = 0.330539
vecR_norm_after = 0.330539
vecR_norm_after = 0.330539
    4    9.194068e-01    0.957985   7.836102e-01
vecR_norm_before = 0.000000
vecR_norm_before = 0.000000
vecR_norm_before = 0.000000
vecR_norm_before = 0.000000
Entering jxf_ParBSRCommHandleDestroy
after jxf_ParBSRCommHandleDestroy, comm_handle=0x5bfc3c0
Checking comm_handle structure:
  comm_handle->num_requests = 4
  comm_handle->requests = 0x5bfc3a0
After macro expansion: requests=0x5bfc3a0, num_requests=4
Entering num_requests
Entering jxf_ParBSRCommHandleDestroyafter num_requests 
after jxf_TFree(requests)
after jxf_TFree(comm_handle)
Entering jxf_ParBSRCommHandleDestroy
after jxf_ParBSRCommHandleDestroy, comm_handle=0x51eb950
Checking comm_handle structure:
  comm_handle->num_requests = 4
  comm_handle->requests = 0x51eb930
After macro expansion: requests=0x51eb930, num_requests=4
Entering num_requests
Entering jxf_ParBSRCommHandleDestroy
after jxf_ParBSRCommHandleDestroy, comm_handle=0x53ea610
Checking comm_handle structure:
  comm_handle->num_requests = 6
  comm_handle->requests = 0x53ea5f0
After macro expansion: requests=0x53ea5f0, num_requests=6
Entering num_requests
after num_requests 
after jxf_TFree(requests)
after jxf_TFree(comm_handle)
after num_requests 
after jxf_ParBSRCommHandleDestroy, comm_handle=0x54d1760
Checking comm_handle structure:
  comm_handle->num_requests = 6
  comm_handle->requests = 0x54d1740
After macro expansion: requests=0x54d1740, num_requests=6
Entering num_requests
after num_requests 
after jxf_TFree(requests)
after jxf_TFree(comm_handle)

after jxf_TFree(requests)
after jxf_TFree(comm_handle)
Entering jxf_ParBSRCommHandleDestroy
after jxf_ParBSRCommHandleDestroy, comm_handle=0x5bfc3c0
Checking comm_handle structure:
  comm_handle->num_requests = 4
  comm_handle->requests = 0x5bfc3a0
After macro expansion: requests=0x5bfc3a0, num_requests=4
Entering num_requests
after num_requests 
after jxf_TFree(requests)
after jxf_TFree(comm_handle)
Entering jxf_ParBSRCommHandleDestroy
after jxf_ParBSRCommHandleDestroy, comm_handle=0x54d1760
Checking comm_handle structure:
  comm_handle->num_requests = 6
  comm_handle->requests = 0x54d1740
After macro expansion: requests=0x54d1740, num_requests=6
Entering num_requests
Entering jxf_ParBSRCommHandleDestroy
after jxf_ParBSRCommHandleDestroy, comm_handle=0x53ea610
Checking comm_handle structure:
  comm_handle->num_requests = 6
  comm_handle->requests = 0x53ea5f0
After macro expansion: requests=0x53ea5f0, num_requests=6
Entering num_requests
after num_requests 
after jxf_TFree(requests)
after jxf_TFree(comm_handle)
after num_requests 
after jxf_TFree(requests)
after jxf_TFree(comm_handle)
Entering jxf_ParBSRCommHandleDestroy
after jxf_ParBSRCommHandleDestroy, comm_handle=0x51eb950
Checking comm_handle structure:
  comm_handle->num_requests = 4
  comm_handle->requests = 0x51eb930
After macro expansion: requests=0x51eb930, num_requests=4
Entering num_requests
after num_requests 
after jxf_TFree(requests)
after jxf_TFree(comm_handle)
vecR_norm_after = 0.688930
vecR_norm_after = 0.688930
vecR_norm_after = 0.688930
vecR_norm_after = 0.688930
    5    8.899894e-01    0.968004   7.585377e-01
Entering jxf_ParBSRCommHandleDestroy
after jxf_ParBSRCommHandleDestroy, comm_handle=0x54d1880
Checking comm_handle structure:
  comm_handle->num_requests = 6
  comm_handle->requests = 0x54d1860
After macro expansion: requests=0x54d1860, num_requests=6
Entering num_requests
Entering jxf_ParBSRCommHandleDestroy
after jxf_ParBSRCommHandleDestroy, comm_handle=0x53ea730
Checking comm_handle structure:
  comm_handle->num_requests = 6
  comm_handle->requests = 0x53ea710
After macro expansion: requests=0x53ea710, num_requests=6
Entering num_requests
after num_requests 
after jxf_TFree(requests)
after jxf_TFree(comm_handle)
after num_requests 
after jxf_TFree(requests)
after jxf_TFree(comm_handle)
Entering jxf_ParBSRCommHandleDestroy
after jxf_ParBSRCommHandleDestroy, comm_handle=0x52fa490
Checking comm_handle structure:
  comm_handle->num_requests = 4
  comm_handle->requests = 0x52fa470
After macro expansion: requests=0x52fa470, num_requests=4
Entering num_requests
after num_requests 
after jxf_TFree(requests)
after jxf_TFree(comm_handle)
Entering jxf_ParBSRCommHandleDestroy
after jxf_ParBSRCommHandleDestroy, comm_handle=0x5bfc4e0
Checking comm_handle structure:
  comm_handle->num_requests = 4
  comm_handle->requests = 0x5bfc4c0
After macro expansion: requests=0x5bfc4c0, num_requests=4
Entering num_requests
after num_requests 
after jxf_TFree(requests)
after jxf_TFree(comm_handle)
Entering jxf_ParBSRCommHandleDestroy
after jxf_ParBSRCommHandleDestroy, comm_handle=0x54d1880
Checking comm_handle structure:
  comm_handle->num_requests = 6
  comm_handle->requests = 0x54d1860
After macro expansion: requests=0x54d1860, num_requests=6
Entering num_requests
Entering jxf_ParBSRCommHandleDestroy
after jxf_ParBSRCommHandleDestroy, comm_handle=0x52fa490
Checking comm_handle structure:
  comm_handle->num_requests = 4
  comm_handle->requests = 0x51eba10
After macro expansion: requests=0x51eba10, num_requests=4
Entering num_requests
after num_requests 
after jxf_TFree(requests)
after jxf_TFree(comm_handle)
Entering jxf_ParBSRCommHandleDestroy
after jxf_ParBSRCommHandleDestroy, comm_handle=0x53ea730
Checking comm_handle structure:
  comm_handle->num_requests = 6
  comm_handle->requests = 0x53ea710
After macro expansion: requests=0x53ea710, num_requests=6
Entering num_requests
after num_requests 
after jxf_TFree(requests)
after jxf_TFree(comm_handle)
after num_requests 
after jxf_TFree(requests)
after jxf_TFree(comm_handle)
Entering jxf_ParBSRCommHandleDestroy
after jxf_ParBSRCommHandleDestroy, comm_handle=0x5bfc4e0
Checking comm_handle structure:
  comm_handle->num_requests = 4
  comm_handle->requests = 0x5bfc4c0
After macro expansion: requests=0x5bfc4c0, num_requests=4
Entering num_requests
after num_requests 
after jxf_TFree(requests)
after jxf_TFree(comm_handle)
IR Iteration  5: Residual = 8.900449e-01 (rel = 9.841016e-02)
Initial L2 norm of residual: 8.900229e-01
=============================================

Iters     resid.norm     conv.rate  rel.res.norm(wrt.b_norm)
-----    ------------    ---------- ------------------------
vecR_norm_before = 0.000000
vecR_norm_before = 0.000000
vecR_norm_before = 0.000000
vecR_norm_before = 0.000000
Entering jxf_ParBSRCommHandleDestroy
after jxf_ParBSRCommHandleDestroy, comm_handle=0x54d19a0
Checking comm_handle structure:
  comm_handle->num_requests = 6
  comm_handle->requests = 0x54d1980
After macro expansion: requests=0x54d1980, num_requests=6
Entering num_requests
Entering jxf_ParBSRCommHandleDestroy
after jxf_ParBSRCommHandleDestroy, comm_handle=0x52fa5b0
Checking comm_handle structure:
  comm_handle->num_requests = 4
  comm_handle->requests = 0x52fa590
After macro expansion: requests=0x52fa590, num_requests=4
Entering num_requests
after num_requests 
after jxf_TFree(requests)
after jxf_TFree(comm_handle)
Entering jxf_ParBSRCommHandleDestroy
after jxf_ParBSRCommHandleDestroy, comm_handle=0x55f34f0
Checking comm_handle structure:
after num_requests 
after jxf_TFree(requests)
after jxf_TFree(comm_handle)
  comm_handle->num_requests = 6
  comm_handle->requests = 0x55f34d0
After macro expansion: requests=0x55f34d0, num_requests=6
Entering num_requests
after num_requests 
after jxf_TFree(requests)
after jxf_TFree(comm_handle)
Entering jxf_ParBSRCommHandleDestroy
after jxf_ParBSRCommHandleDestroy, comm_handle=0x5bfc610
Checking comm_handle structure:
  comm_handle->num_requests = 4
  comm_handle->requests = 0x5bfc5f0
After macro expansion: requests=0x5bfc5f0, num_requests=4
Entering num_requests
after num_requests 
after jxf_TFree(requests)
after jxf_TFree(comm_handle)
Entering jxf_ParBSRCommHandleDestroy
after jxf_ParBSRCommHandleDestroy, comm_handle=0x54d19a0
Checking comm_handle structure:
  comm_handle->num_requests = 6
  comm_handle->requests = 0x54d1980
After macro expansion: requests=0x54d1980, num_requests=6
Entering num_requests
Entering jxf_ParBSRCommHandleDestroy
after jxf_ParBSRCommHandleDestroy, comm_handle=0x52fa5b0
Checking comm_handle structure:
  comm_handle->num_requests = 4
  comm_handle->requests = 0x52fa590
After macro expansion: requests=0x52fa590, num_requests=4
Entering num_requests
after num_requests 
after jxf_TFree(requests)
after jxf_TFree(comm_handle)
Entering jxf_ParBSRCommHandleDestroy
after jxf_ParBSRCommHandleDestroy, comm_handle=0x55f34f0
Checking comm_handle structure:
  comm_handle->num_requests = 6
  comm_handle->requests = 0x55f34d0
After macro expansion: requests=0x55f34d0, num_requests=6
Entering num_requests
after num_requests 
after jxf_TFree(requests)
after jxf_TFree(comm_handle)
after num_requests 
after jxf_TFree(requests)
after jxf_TFree(comm_handle)
Entering jxf_ParBSRCommHandleDestroy
after jxf_ParBSRCommHandleDestroy, comm_handle=0x5bfc610
Checking comm_handle structure:
  comm_handle->num_requests = 4
  comm_handle->requests = 0x5bfc5f0
After macro expansion: requests=0x5bfc5f0, num_requests=4
Entering num_requests
after num_requests 
after jxf_TFree(requests)
after jxf_TFree(comm_handle)
vecR_norm_after = 3.037045
vecR_norm_after = 3.037045
vecR_norm_after = 3.037045
vecR_norm_after = 3.037045
    1    8.640338e-01    0.970799   9.707994e-01
vecR_norm_before = 0.000000
vecR_norm_before = 0.000000
vecR_norm_before = 0.000000
vecR_norm_before = 0.000000
Entering jxf_ParBSRCommHandleDestroy
after jxf_ParBSRCommHandleDestroy, comm_handle=0x5bfc730
Checking comm_handle structure:
  comm_handle->num_requests = 4
  comm_handle->requests = 0x5bfc710
After macro expansion: requests=0x5bfc710, num_requests=4
Entering num_requests
Entering jxf_ParBSRCommHandleDestroy
after jxf_ParBSRCommHandleDestroy, comm_handle=0x52fa6d0
Checking comm_handle structure:
  comm_handle->num_requests = 4
  comm_handle->requests = 0x52fa6b0
After macro expansion: requests=0x52fa6b0, num_requests=4
Entering num_requests
Entering jxf_ParBSRCommHandleDestroy
after jxf_ParBSRCommHandleDestroy, comm_handle=0x54d1ac0
Checking comm_handle structure:
  comm_handle->num_requests = 6
  comm_handle->requests = 0x54d1aa0
After macro expansion: requests=0x54d1aa0, num_requests=6
Entering num_requests
after num_requests 
after jxf_TFree(requests)
after jxf_TFree(comm_handle)
after num_requests 
after jxf_TFree(requests)
after jxf_TFree(comm_handle)
Entering jxf_ParBSRCommHandleDestroy
after jxf_ParBSRCommHandleDestroy, comm_handle=0x55f3610
Checking comm_handle structure:
  comm_handle->num_requests = 6
  comm_handle->requests = 0x55f35f0
After macro expansion: requests=0x55f35f0, num_requests=6
Entering num_requests
after num_requests 
after jxf_TFree(requests)
after jxf_TFree(comm_handle)
after num_requests 
after jxf_TFree(requests)
after jxf_TFree(comm_handle)
Entering jxf_ParBSRCommHandleDestroy
after jxf_ParBSRCommHandleDestroy, comm_handle=0x5bfc730
Checking comm_handle structure:
  comm_handle->num_requests = 4
  comm_handle->requests = 0x5bfc710
After macro expansion: requests=0x5bfc710, num_requests=4
Entering num_requests
Entering jxf_ParBSRCommHandleDestroy
after jxf_ParBSRCommHandleDestroy, comm_handle=0x52fa6d0
Checking comm_handle structure:
  comm_handle->num_requests = 4
  comm_handle->requests = 0x52fa6b0
After macro expansion: requests=0x52fa6b0, num_requests=4
Entering num_requests
Entering jxf_ParBSRCommHandleDestroy
after jxf_ParBSRCommHandleDestroy, comm_handle=0x55f3610
Checking comm_handle structure:
  comm_handle->num_requests = 6
  comm_handle->requests = 0x55f35f0
After macro expansion: requests=0x55f35f0, num_requests=6
Entering num_requests
after num_requests 
after jxf_TFree(requests)
after jxf_TFree(comm_handle)
after num_requests 
after jxf_TFree(requests)
after jxf_TFree(comm_handle)
after num_requests 
after jxf_TFree(requests)
after jxf_TFree(comm_handle)
Entering jxf_ParBSRCommHandleDestroy
after jxf_ParBSRCommHandleDestroy, comm_handle=0x54d1ac0
Checking comm_handle structure:
  comm_handle->num_requests = 6
  comm_handle->requests = 0x54d1aa0
After macro expansion: requests=0x54d1aa0, num_requests=6
Entering num_requests
after num_requests 
after jxf_TFree(requests)
after jxf_TFree(comm_handle)
vecR_norm_after = 1.080927
vecR_norm_after = 1.080927
vecR_norm_after = 1.080927
vecR_norm_after = 1.080927
    2    8.387747e-01    0.970766   9.424192e-01
vecR_norm_before = 0.000000
vecR_norm_before = 0.000000
vecR_norm_before = 0.000000
vecR_norm_before = 0.000000
Entering jxf_ParBSRCommHandleDestroy
after jxf_ParBSRCommHandleDestroy, comm_handle=0x52fa7f0
Checking comm_handle structure:
  comm_handle->num_requests = 4
  comm_handle->requests = 0x52fa7d0
After macro expansion: requests=0x52fa7d0, num_requests=4
Entering num_requests
Entering jxf_ParBSRCommHandleDestroy
after jxf_ParBSRCommHandleDestroy, comm_handle=0x55f3730
Checking comm_handle structure:
  comm_handle->num_requests = 6
  comm_handle->requests = 0x55f3710
after num_requests 
after jxf_TFree(requests)
after jxf_TFree(comm_handle)
After macro expansion: requests=0x55f3710, num_requests=6
Entering num_requests
after num_requests 
after jxf_TFree(requests)
after jxf_TFree(comm_handle)
Entering jxf_ParBSRCommHandleDestroy
after jxf_ParBSRCommHandleDestroy, comm_handle=0x54d1be0
Checking comm_handle structure:
  comm_handle->num_requests = 6
  comm_handle->requests = 0x54d1bc0
After macro expansion: requests=0x54d1bc0, num_requests=6
Entering num_requests
after num_requests 
after jxf_TFree(requests)
after jxf_TFree(comm_handle)
Entering jxf_ParBSRCommHandleDestroy
after jxf_ParBSRCommHandleDestroy, comm_handle=0x5bfc850
Checking comm_handle structure:
  comm_handle->num_requests = 4
  comm_handle->requests = 0x5bfc830
After macro expansion: requests=0x5bfc830, num_requests=4
Entering num_requests
after num_requests 
after jxf_TFree(requests)
after jxf_TFree(comm_handle)
Entering jxf_ParBSRCommHandleDestroy
after jxf_ParBSRCommHandleDestroy, comm_handle=0x52fa7f0
Checking comm_handle structure:
  comm_handle->num_requests = 4
  comm_handle->requests = 0x52fa7d0
After macro expansion: requests=0x52fa7d0, num_requests=4
Entering num_requests
Entering jxf_ParBSRCommHandleDestroy
after jxf_ParBSRCommHandleDestroy, comm_handle=0x55f3730
Checking comm_handle structure:
  comm_handle->num_requests = 6
  comm_handle->requests = 0x55f3710
After macro expansion: requests=0x55f3710, num_requests=6
Entering num_requests
after num_requests 
after jxf_TFree(requests)
after jxf_TFree(comm_handle)
Entering jxf_ParBSRCommHandleDestroy
after jxf_ParBSRCommHandleDestroy, comm_handle=0x54d1be0
Checking comm_handle structure:
  comm_handle->num_requests = 6
  comm_handle->requests = 0x54d1bc0
After macro expansion: requests=0x54d1bc0, num_requests=6
Entering num_requests
after num_requests 
after jxf_TFree(requests)
after jxf_TFree(comm_handle)
after num_requests 
after jxf_TFree(requests)
after jxf_TFree(comm_handle)
Entering jxf_ParBSRCommHandleDestroy
after jxf_ParBSRCommHandleDestroy, comm_handle=0x5bfc850
Checking comm_handle structure:
  comm_handle->num_requests = 4
  comm_handle->requests = 0x5bfc830
After macro expansion: requests=0x5bfc830, num_requests=4
Entering num_requests
after num_requests 
after jxf_TFree(requests)
after jxf_TFree(comm_handle)
vecR_norm_after = 1.100358
vecR_norm_after = 1.100358
vecR_norm_after = 1.100358
vecR_norm_after = 1.100358
    3    8.135878e-01    0.969972   9.141201e-01
vecR_norm_before = 0.000000
vecR_norm_before = 0.000000
vecR_norm_before = 0.000000
vecR_norm_before = 0.000000
Entering jxf_ParBSRCommHandleDestroy
after jxf_ParBSRCommHandleDestroy, comm_handle=0x54d1d00
Checking comm_handle structure:
  comm_handle->num_requests = 6
  comm_handle->requests = 0x54d1ce0
After macro expansion: requests=0x54d1ce0, num_requests=6
Entering num_requests
Entering jxf_ParBSRCommHandleDestroy
after jxf_ParBSRCommHandleDestroy, comm_handle=0x52fa910
Checking comm_handle structure:
  comm_handle->num_requests = 4
  comm_handle->requests = 0x52fa8f0
After macro expansion: requests=0x52fa8f0, num_requests=4
Entering num_requests
after num_requests 
after jxf_TFree(requests)
after jxf_TFree(comm_handle)
after num_requests 
after jxf_TFree(requests)
after jxf_TFree(comm_handle)
Entering jxf_ParBSRCommHandleDestroy
after jxf_ParBSRCommHandleDestroy, comm_handle=0x5202960
Checking comm_handle structure:
  comm_handle->num_requests = 6
  comm_handle->requests = 0x5202940
After macro expansion: requests=0x5202940, num_requests=6
Entering num_requests
after num_requests 
after jxf_TFree(requests)
after jxf_TFree(comm_handle)
Entering jxf_ParBSRCommHandleDestroy
after jxf_ParBSRCommHandleDestroy, comm_handle=0x5bfc970
Checking comm_handle structure:
  comm_handle->num_requests = 4
  comm_handle->requests = 0x5bfc950
After macro expansion: requests=0x5bfc950, num_requests=4
Entering num_requests
after num_requests 
after jxf_TFree(requests)
after jxf_TFree(comm_handle)
Entering jxf_ParBSRCommHandleDestroy
after jxf_ParBSRCommHandleDestroy, comm_handle=0x54d1d00
Checking comm_handle structure:
  comm_handle->num_requests = 6
  comm_handle->requests = 0x54d1ce0
After macro expansion: requests=0x54d1ce0, num_requests=6
Entering num_requests
Entering jxf_ParBSRCommHandleDestroy
after jxf_ParBSRCommHandleDestroy, comm_handle=0x52fa910
Checking comm_handle structure:
  comm_handle->num_requests = 4
  comm_handle->requests = 0x52fa8f0
After macro expansion: requests=0x52fa8f0, num_requests=4
Entering num_requests
after num_requests 
after jxf_TFree(requests)
after jxf_TFree(comm_handle)
Entering jxf_ParBSRCommHandleDestroy
after jxf_ParBSRCommHandleDestroy, comm_handle=0x5202960
Checking comm_handle structure:
  comm_handle->num_requests = 6
  comm_handle->requests = 0x55f3810
After macro expansion: requests=0x55f3810, num_requests=6
Entering num_requests
after num_requests 
after jxf_TFree(requests)
after jxf_TFree(comm_handle)
after num_requests 
after jxf_TFree(requests)
after jxf_TFree(comm_handle)
Entering jxf_ParBSRCommHandleDestroy
after jxf_ParBSRCommHandleDestroy, comm_handle=0x5bfc970
Checking comm_handle structure:
  comm_handle->num_requests = 4
  comm_handle->requests = 0x5bfc950
After macro expansion: requests=0x5bfc950, num_requests=4
Entering num_requests
after num_requests 
after jxf_TFree(requests)
after jxf_TFree(comm_handle)
vecR_norm_after = 1.114004
vecR_norm_after = 1.114004
vecR_norm_after = 1.114004
vecR_norm_after = 1.114004
    4    7.916800e-01    0.973073   8.895051e-01
vecR_norm_before = 0.000000
vecR_norm_before = 0.000000
vecR_norm_before = 0.000000
vecR_norm_before = 0.000000
Entering jxf_ParBSRCommHandleDestroy
after jxf_ParBSRCommHandleDestroy, comm_handle=0x52faa30
Checking comm_handle structure:
  comm_handle->num_requests = 4
  comm_handle->requests = 0x52faa10
After macro expansion: requests=0x52faa10, num_requests=4
Entering num_requests
Entering jxf_ParBSRCommHandleDestroy
after jxf_ParBSRCommHandleDestroy, comm_handle=0x54d1e20
Checking comm_handle structure:
  comm_handle->num_requests = 6
  comm_handle->requests = 0x54d1e00
After macro expansion: requests=0x54d1e00, num_requests=6
Entering num_requests
after num_requests 
after jxf_TFree(requests)
after jxf_TFree(comm_handle)
after num_requests 
after jxf_TFree(requests)
after jxf_TFree(comm_handle)
Entering jxf_ParBSRCommHandleDestroy
after jxf_ParBSRCommHandleDestroy, comm_handle=0x5202a70
Checking comm_handle structure:
  comm_handle->num_requests = 6
  comm_handle->requests = 0x5202a50
After macro expansion: requests=0x5202a50, num_requests=6
Entering num_requests
after num_requests 
after jxf_TFree(requests)
after jxf_TFree(comm_handle)
Entering jxf_ParBSRCommHandleDestroy
after jxf_ParBSRCommHandleDestroy, comm_handle=0x5bfca90
Checking comm_handle structure:
  comm_handle->num_requests = 4
  comm_handle->requests = 0x5bfca70
After macro expansion: requests=0x5bfca70, num_requests=4
Entering num_requests
after num_requests 
after jxf_TFree(requests)
after jxf_TFree(comm_handle)
Entering jxf_ParBSRCommHandleDestroy
after jxf_ParBSRCommHandleDestroy, comm_handle=0x52faa30
Checking comm_handle structure:
  comm_handle->num_requests = 4
  comm_handle->requests = 0x52faa10
After macro expansion: requests=0x52faa10, num_requests=4
Entering num_requests
Entering jxf_ParBSRCommHandleDestroy
after jxf_ParBSRCommHandleDestroy, comm_handle=0x54d1e20
Checking comm_handle structure:
  comm_handle->num_requests = 6
  comm_handle->requests = 0x54d1e00
After macro expansion: requests=0x54d1e00, num_requests=6
Entering num_requests
after num_requests 
after jxf_TFree(requests)
after jxf_TFree(comm_handle)
Entering jxf_ParBSRCommHandleDestroy
after jxf_ParBSRCommHandleDestroy, comm_handle=0x5202a70
Checking comm_handle structure:
  comm_handle->num_requests = 6
  comm_handle->requests = 0x5202a50
After macro expansion: requests=0x5202a50, num_requests=6
Entering num_requests
after num_requests 
after jxf_TFree(requests)
after jxf_TFree(comm_handle)
after num_requests 
after jxf_TFree(requests)
after jxf_TFree(comm_handle)
Entering jxf_ParBSRCommHandleDestroy
after jxf_ParBSRCommHandleDestroy, comm_handle=0x5bfca90
Checking comm_handle structure:
  comm_handle->num_requests = 4
  comm_handle->requests = 0x5bfca70
After macro expansion: requests=0x5bfca70, num_requests=4
Entering num_requests
after num_requests 
after jxf_TFree(requests)
after jxf_TFree(comm_handle)
vecR_norm_after = 1.490466
vecR_norm_after = 1.490466
vecR_norm_after = 1.490466
vecR_norm_after = 1.490466
    5    7.755858e-01    0.979671   8.714222e-01
Entering jxf_ParBSRCommHandleDestroyEntering jxf_ParBSRCommHandleDestroy
after jxf_ParBSRCommHandleDestroy, comm_handle=0x5bfcbb0
Checking comm_handle structure:
  comm_handle->num_requests = 4
  comm_handle->requests = 0x5bfcb90
After macro expansion: requests=0x5bfcb90, num_requests=4
Entering num_requests

after jxf_ParBSRCommHandleDestroy, comm_handle=0x54d1f40
Checking comm_handle structure:
  comm_handle->num_requests = 6
  comm_handle->requests = 0x54d1f20
After macro expansion: requests=0x54d1f20, num_requests=6
Entering num_requests
Entering jxf_ParBSRCommHandleDestroyafter num_requests 
after jxf_ParBSRCommHandleDestroy, comm_handle=0x52fab50
Checking comm_handle structure:after num_requests 
after jxf_TFree(requests)
after jxf_TFree(comm_handle)

after jxf_TFree(requests)
after jxf_TFree(comm_handle)

  comm_handle->num_requests = 4
Entering jxf_ParBSRCommHandleDestroy
after jxf_ParBSRCommHandleDestroy, comm_handle=0x5202b90
Checking comm_handle structure:
  comm_handle->num_requests = 6
  comm_handle->requests = 0x5202b70
After macro expansion: requests=0x5202b70, num_requests=6
Entering num_requests
after num_requests 
after jxf_TFree(requests)
after jxf_TFree(comm_handle)
  comm_handle->requests = 0x52fab30
After macro expansion: requests=0x52fab30, num_requests=4
Entering num_requests
after num_requests 
after jxf_TFree(requests)
after jxf_TFree(comm_handle)
Entering jxf_ParBSRCommHandleDestroy
after jxf_ParBSRCommHandleDestroy, comm_handle=0x54d1f40
Checking comm_handle structure:
  comm_handle->num_requests = 6
  comm_handle->requests = 0x54d1f20
After macro expansion: requests=0x54d1f20, num_requests=6
Entering num_requests
Entering jxf_ParBSRCommHandleDestroy
after jxf_ParBSRCommHandleDestroy, comm_handle=0x5202b90
Checking comm_handle structure:
  comm_handle->num_requests = 6
  comm_handle->requests = 0x5202b70
After macro expansion: requests=0x5202b70, num_requests=6
Entering num_requests
Entering jxf_ParBSRCommHandleDestroy
after jxf_ParBSRCommHandleDestroy, comm_handle=0x5bfcbb0
Checking comm_handle structure:
  comm_handle->num_requests = 4
  comm_handle->requests = 0x5bfcb90
After macro expansion: requests=0x5bfcb90, num_requests=4
Entering num_requests
after num_requests 
after jxf_TFree(requests)
after jxf_TFree(comm_handle)
after num_requests 
after jxf_TFree(requests)
after jxf_TFree(comm_handle)
after num_requests 
after jxf_TFree(requests)
after jxf_TFree(comm_handle)
Entering jxf_ParBSRCommHandleDestroy
after jxf_ParBSRCommHandleDestroy, comm_handle=0x52fab50
Checking comm_handle structure:
  comm_handle->num_requests = 4
  comm_handle->requests = 0x52fab30
After macro expansion: requests=0x52fab30, num_requests=4
Entering num_requests
after num_requests 
after jxf_TFree(requests)
after jxf_TFree(comm_handle)
IR Iteration  6: Residual = 7.756094e-01 (rel = 8.575730e-02)
Initial L2 norm of residual: 7.755923e-01
=============================================

Iters     resid.norm     conv.rate  rel.res.norm(wrt.b_norm)
-----    ------------    ---------- ------------------------
vecR_norm_before = 0.000000
vecR_norm_before = 0.000000
vecR_norm_before = 0.000000
vecR_norm_before = 0.000000
Entering jxf_ParBSRCommHandleDestroy
after jxf_ParBSRCommHandleDestroy, comm_handle=0x5339700
Checking comm_handle structure:
  comm_handle->num_requests = 6
  comm_handle->requests = 0x53396e0
After macro expansion: requests=0x53396e0, num_requests=6
Entering num_requests
Entering jxf_ParBSRCommHandleDestroy
after jxf_ParBSRCommHandleDestroy, comm_handle=0x5bfcce0
Checking comm_handle structure:
  comm_handle->num_requests = 4
  comm_handle->requests = 0x5bfccc0
After macro expansion: requests=0x5bfccc0, num_requests=4
Entering num_requests
after num_requests 
after jxf_TFree(requests)
after jxf_TFree(comm_handle)
after num_requests 
after jxf_TFree(requests)
after jxf_TFree(comm_handle)
Entering jxf_ParBSRCommHandleDestroy
after jxf_ParBSRCommHandleDestroy, comm_handle=0x5202cb0
Checking comm_handle structure:
  comm_handle->num_requests = 6
  comm_handle->requests = 0x5202c90
After macro expansion: requests=0x5202c90, num_requests=6
Entering num_requests
after num_requests 
after jxf_TFree(requests)
after jxf_TFree(comm_handle)
Entering jxf_ParBSRCommHandleDestroy
after jxf_ParBSRCommHandleDestroy, comm_handle=0x52fac70
Checking comm_handle structure:
  comm_handle->num_requests = 4
  comm_handle->requests = 0x52fac50
After macro expansion: requests=0x52fac50, num_requests=4
Entering num_requests
after num_requests 
after jxf_TFree(requests)
after jxf_TFree(comm_handle)
Entering jxf_ParBSRCommHandleDestroy
after jxf_ParBSRCommHandleDestroy, comm_handle=0x5bfcce0
Checking comm_handle structure:
  comm_handle->num_requests = 4
  comm_handle->requests = 0x5bfccc0
After macro expansion: requests=0x5bfccc0, num_requests=4
Entering num_requests
Entering jxf_ParBSRCommHandleDestroy
after jxf_ParBSRCommHandleDestroy, comm_handle=0x5339700
Checking comm_handle structure:
  comm_handle->num_requests = 6
  comm_handle->requests = 0x53396e0
After macro expansion: requests=0x53396e0, num_requests=6
Entering num_requests
after num_requests 
after jxf_TFree(requests)
after jxf_TFree(comm_handle)
Entering jxf_ParBSRCommHandleDestroy
after jxf_ParBSRCommHandleDestroy, comm_handle=0x5202cb0
Checking comm_handle structure:
  comm_handle->num_requests = 6
  comm_handle->requests = 0x5202c90
After macro expansion: requests=0x5202c90, num_requests=6
Entering num_requests
after num_requests 
after jxf_TFree(requests)
after jxf_TFree(comm_handle)
after num_requests 
after jxf_TFree(requests)
after jxf_TFree(comm_handle)
Entering jxf_ParBSRCommHandleDestroy
after jxf_ParBSRCommHandleDestroy, comm_handle=0x52fac70
Checking comm_handle structure:
  comm_handle->num_requests = 4
  comm_handle->requests = 0x52fac50
After macro expansion: requests=0x52fac50, num_requests=4
Entering num_requests
after num_requests 
after jxf_TFree(requests)
after jxf_TFree(comm_handle)
vecR_norm_after = 1.876963
vecR_norm_after = 1.876963
vecR_norm_after = 1.876963
vecR_norm_after = 1.876963
    1    7.607332e-01    0.980842   9.808416e-01
vecR_norm_before = 0.000000
vecR_norm_before = 0.000000
vecR_norm_before = 0.000000
vecR_norm_before = 0.000000
Entering jxf_ParBSRCommHandleDestroy
after jxf_ParBSRCommHandleDestroy, comm_handle=0x5bfce00
Checking comm_handle structure:
  comm_handle->num_requests = 4
  comm_handle->requests = 0x5bfcde0
After macro expansion: requests=0x5bfcde0, num_requests=4
Entering num_requests
after num_requests 
after jxf_TFree(requests)
after jxf_TFree(comm_handle)
Entering jxf_ParBSRCommHandleDestroy
after jxf_ParBSRCommHandleDestroy, comm_handle=0x5339820
Checking comm_handle structure:
  comm_handle->num_requests = 6
  comm_handle->requests = 0x5339800
After macro expansion: requests=0x5339800, num_requests=6
Entering num_requests
after num_requests 
after jxf_TFree(requests)
after jxf_TFree(comm_handle)
Entering jxf_ParBSRCommHandleDestroy
after jxf_ParBSRCommHandleDestroy, comm_handle=0x5202dd0
Checking comm_handle structure:
  comm_handle->num_requests = 6
  comm_handle->requests = 0x5202db0
After macro expansion: requests=0x5202db0, num_requests=6
Entering num_requests
after num_requests 
after jxf_TFree(requests)
after jxf_TFree(comm_handle)
Entering jxf_ParBSRCommHandleDestroy
after jxf_ParBSRCommHandleDestroy, comm_handle=0x52fad90
Checking comm_handle structure:
  comm_handle->num_requests = 4
  comm_handle->requests = 0x52fad70
After macro expansion: requests=0x52fad70, num_requests=4
Entering num_requests
after num_requests 
after jxf_TFree(requests)
after jxf_TFree(comm_handle)
Entering jxf_ParBSRCommHandleDestroy
after jxf_ParBSRCommHandleDestroy, comm_handle=0x5339820
Checking comm_handle structure:
  comm_handle->num_requests = 6
  comm_handle->requests = 0x5339800
After macro expansion: requests=0x5339800, num_requests=6
Entering num_requests
Entering jxf_ParBSRCommHandleDestroy
after jxf_ParBSRCommHandleDestroy, comm_handle=0x5202dd0
Checking comm_handle structure:
  comm_handle->num_requests = 6
  comm_handle->requests = 0x5202db0
After macro expansion: requests=0x5202db0, num_requests=6
Entering num_requests
Entering jxf_ParBSRCommHandleDestroy
after jxf_ParBSRCommHandleDestroy, comm_handle=0x52fad90
Checking comm_handle structure:
  comm_handle->num_requests = 4
  comm_handle->requests = 0x52fad70
After macro expansion: requests=0x52fad70, num_requests=4
Entering num_requests
after num_requests 
after jxf_TFree(requests)
after jxf_TFree(comm_handle)
after num_requests 
after jxf_TFree(requests)
after jxf_TFree(comm_handle)
after num_requests 
after jxf_TFree(requests)
after jxf_TFree(comm_handle)
Entering jxf_ParBSRCommHandleDestroy
after jxf_ParBSRCommHandleDestroy, comm_handle=0x5bfce00
Checking comm_handle structure:
  comm_handle->num_requests = 4
  comm_handle->requests = 0x5bfcde0
After macro expansion: requests=0x5bfcde0, num_requests=4
Entering num_requests
after num_requests 
after jxf_TFree(requests)
after jxf_TFree(comm_handle)
vecR_norm_after = 0.578745
vecR_norm_after = 0.578745
vecR_norm_after = 0.578745
vecR_norm_after = 0.578745
    2    7.484582e-01    0.983864   9.650150e-01
vecR_norm_before = 0.000000
vecR_norm_before = 0.000000
vecR_norm_before = 0.000000
vecR_norm_before = 0.000000
Entering jxf_ParBSRCommHandleDestroy
after jxf_ParBSRCommHandleDestroy, comm_handle=0x5bfcf20
Checking comm_handle structure:
  comm_handle->num_requests = 4
  comm_handle->requests = 0x5bfcf00
After macro expansion: requests=0x5bfcf00, num_requests=4
Entering num_requests
after num_requests 
after jxf_TFree(requests)
after jxf_TFree(comm_handle)
Entering jxf_ParBSRCommHandleDestroy
after jxf_ParBSRCommHandleDestroy, comm_handle=0x5339940
Checking comm_handle structure:
  comm_handle->num_requests = 6
  comm_handle->requests = 0x5339920
After macro expansion: requests=0x5339920, num_requests=6
Entering num_requests
Entering jxf_ParBSRCommHandleDestroy
after jxf_ParBSRCommHandleDestroy, comm_handle=0x52faeb0
Checking comm_handle structure:
  comm_handle->num_requests = 4
  comm_handle->requests = 0x52fae90
After macro expansion: requests=0x52fae90, num_requests=4
Entering num_requests
after num_requests 
after jxf_TFree(requests)
after jxf_TFree(comm_handle)
Entering jxf_ParBSRCommHandleDestroyafter num_requests 
after jxf_TFree(requests)
after jxf_TFree(comm_handle)

after jxf_ParBSRCommHandleDestroy, comm_handle=0x5202ef0
Checking comm_handle structure:
  comm_handle->num_requests = 6
  comm_handle->requests = 0x5202ed0
After macro expansion: requests=0x5202ed0, num_requests=6
Entering num_requests
after num_requests 
after jxf_TFree(requests)
after jxf_TFree(comm_handle)
Entering jxf_ParBSRCommHandleDestroy
after jxf_ParBSRCommHandleDestroy, comm_handle=0x52faeb0
Checking comm_handle structure:
  comm_handle->num_requests = 4
  comm_handle->requests = 0x52fae90
After macro expansion: requests=0x52fae90, num_requests=4
Entering num_requests
Entering jxf_ParBSRCommHandleDestroy
after jxf_ParBSRCommHandleDestroy, comm_handle=0x5bfcf20
Checking comm_handle structure:
  comm_handle->num_requests = 4
  comm_handle->requests = 0x5bfcf00
After macro expansion: requests=0x5bfcf00, num_requests=4
Entering num_requests
Entering jxf_ParBSRCommHandleDestroy
after jxf_ParBSRCommHandleDestroy, comm_handle=0x5202ef0
Checking comm_handle structure:
  comm_handle->num_requests = 6
  comm_handle->requests = 0x5202ed0
After macro expansion: requests=0x5202ed0, num_requests=6
Entering num_requests
after num_requests 
after jxf_TFree(requests)
after jxf_TFree(comm_handle)
after num_requests 
after jxf_TFree(requests)
after jxf_TFree(comm_handle)
after num_requests 
after jxf_TFree(requests)
after jxf_TFree(comm_handle)
Entering jxf_ParBSRCommHandleDestroy
after jxf_ParBSRCommHandleDestroy, comm_handle=0x5339940
Checking comm_handle structure:
  comm_handle->num_requests = 6
  comm_handle->requests = 0x5339920
After macro expansion: requests=0x5339920, num_requests=6
Entering num_requests
after num_requests 
after jxf_TFree(requests)
after jxf_TFree(comm_handle)
vecR_norm_after = 0.394325
vecR_norm_after = 0.394325
vecR_norm_after = 0.394325
vecR_norm_after = 0.394325
    3    7.371625e-01    0.984908   9.504510e-01
vecR_norm_before = 0.000000
vecR_norm_before = 0.000000
vecR_norm_before = 0.000000
vecR_norm_before = 0.000000
Entering jxf_ParBSRCommHandleDestroy
after jxf_ParBSRCommHandleDestroy, comm_handle=0x5339a60
Checking comm_handle structure:
  comm_handle->num_requests = 6
  comm_handle->requests = 0x5339a40
After macro expansion: requests=0x5339a40, num_requests=6
Entering num_requests
Entering jxf_ParBSRCommHandleDestroy
after jxf_ParBSRCommHandleDestroy, comm_handle=0x5bfd040
Checking comm_handle structure:
  comm_handle->num_requests = 4
  comm_handle->requests = 0x5bfd020
After macro expansion: requests=0x5bfd020, num_requests=4
Entering num_requests
after num_requests 
after jxf_TFree(requests)
after jxf_TFree(comm_handle)
after num_requests 
after jxf_TFree(requests)
after jxf_TFree(comm_handle)Entering jxf_ParBSRCommHandleDestroy
after jxf_ParBSRCommHandleDestroy, comm_handle=0x52fafd0

Checking comm_handle structure:
  comm_handle->num_requests = 4
  comm_handle->requests = 0x52fafb0
After macro expansion: requests=0x52fafb0, num_requests=4
Entering num_requests
Entering jxf_ParBSRCommHandleDestroy
after jxf_ParBSRCommHandleDestroy, comm_handle=0x5203010
Checking comm_handle structure:
  comm_handle->num_requests = 6
  comm_handle->requests = 0x5202ff0
After macro expansion: requests=0x5202ff0, num_requests=6
Entering num_requests
after num_requests 
after jxf_TFree(requests)
after jxf_TFree(comm_handle)
after num_requests 
after jxf_TFree(requests)
after jxf_TFree(comm_handle)
Entering jxf_ParBSRCommHandleDestroy
after jxf_ParBSRCommHandleDestroy, comm_handle=0x5bfd040
Checking comm_handle structure:
  comm_handle->num_requests = 4
  comm_handle->requests = 0x5bfd020
After macro expansion: requests=0x5bfd020, num_requests=4
Entering num_requests
Entering jxf_ParBSRCommHandleDestroy
after jxf_ParBSRCommHandleDestroy, comm_handle=0x5339a60
Checking comm_handle structure:
  comm_handle->num_requests = 6
  comm_handle->requests = 0x5339a40
After macro expansion: requests=0x5339a40, num_requests=6
Entering num_requests
after num_requests 
after jxf_TFree(requests)
after jxf_TFree(comm_handle)
after num_requests 
after jxf_TFree(requests)
after jxf_TFree(comm_handle)
Entering jxf_ParBSRCommHandleDestroy
after jxf_ParBSRCommHandleDestroy, comm_handle=0x52fafd0
Checking comm_handle structure:
  comm_handle->num_requests = 4
  comm_handle->requests = 0x52fafb0
After macro expansion: requests=0x52fafb0, num_requests=4
Entering num_requests
after num_requests 
after jxf_TFree(requests)
after jxf_TFree(comm_handle)
Entering jxf_ParBSRCommHandleDestroy
after jxf_ParBSRCommHandleDestroy, comm_handle=0x5203010
Checking comm_handle structure:
  comm_handle->num_requests = 6
  comm_handle->requests = 0x5202ff0
After macro expansion: requests=0x5202ff0, num_requests=6
Entering num_requests
after num_requests 
after jxf_TFree(requests)
after jxf_TFree(comm_handle)
vecR_norm_after = 0.450873
vecR_norm_after = 0.450873
vecR_norm_after = 0.450873
vecR_norm_after = 0.450873
    4    7.257661e-01    0.984540   9.357572e-01
vecR_norm_before = 0.000000
vecR_norm_before = 0.000000
vecR_norm_before = 0.000000
vecR_norm_before = 0.000000
Entering jxf_ParBSRCommHandleDestroy
after jxf_ParBSRCommHandleDestroy, comm_handle=0x5bfd160
Checking comm_handle structure:
  comm_handle->num_requests = 4
  comm_handle->requests = 0x5bfd140
After macro expansion: requests=0x5bfd140, num_requests=4
Entering num_requests
Entering jxf_ParBSRCommHandleDestroy
after jxf_ParBSRCommHandleDestroy, comm_handle=0x5203130
Checking comm_handle structure:
  comm_handle->num_requests = 6
  comm_handle->requests = 0x5203110
After macro expansion: requests=0x5203110, num_requests=6
Entering num_requests
Entering jxf_ParBSRCommHandleDestroy
after jxf_ParBSRCommHandleDestroy, comm_handle=0x52fb0f0
Checking comm_handle structure:
  comm_handle->num_requests = 4
  comm_handle->requests = 0x52fb0d0
After macro expansion: requests=0x52fb0d0, num_requests=4
Entering num_requests
after num_requests 
after jxf_TFree(requests)
after jxf_TFree(comm_handle)
after num_requests 
after jxf_TFree(requests)
after jxf_TFree(comm_handle)
after num_requests 
after jxf_TFree(requests)
after jxf_TFree(comm_handle)
Entering jxf_ParBSRCommHandleDestroy
after jxf_ParBSRCommHandleDestroy, comm_handle=0x5339b80
Checking comm_handle structure:
  comm_handle->num_requests = 6
  comm_handle->requests = 0x5339b60
After macro expansion: requests=0x5339b60, num_requests=6
Entering num_requests
after num_requests 
after jxf_TFree(requests)
after jxf_TFree(comm_handle)
Entering jxf_ParBSRCommHandleDestroy
after jxf_ParBSRCommHandleDestroy, comm_handle=0x5339b80
Checking comm_handle structure:
  comm_handle->num_requests = 6
  comm_handle->requests = 0x5339b60
After macro expansion: requests=0x5339b60, num_requests=6
Entering num_requests
Entering jxf_ParBSRCommHandleDestroy
after jxf_ParBSRCommHandleDestroy, comm_handle=0x5bfd160
Checking comm_handle structure:
  comm_handle->num_requests = 4
  comm_handle->requests = 0x5bfd140
After macro expansion: requests=0x5bfd140, num_requests=4
Entering num_requests
after num_requests 
after jxf_TFree(requests)
after jxf_TFree(comm_handle)
Entering jxf_ParBSRCommHandleDestroy
after jxf_ParBSRCommHandleDestroy, comm_handle=0x5203130
Checking comm_handle structure:
  comm_handle->num_requests = 6
  comm_handle->requests = 0x5203110
After macro expansion: requests=0x5203110, num_requests=6
Entering num_requests
after num_requests 
after jxf_TFree(requests)
after jxf_TFree(comm_handle)
after num_requests 
after jxf_TFree(requests)
after jxf_TFree(comm_handle)
Entering jxf_ParBSRCommHandleDestroy
after jxf_ParBSRCommHandleDestroy, comm_handle=0x52fb0f0
Checking comm_handle structure:
  comm_handle->num_requests = 4
  comm_handle->requests = 0x52fb0d0
After macro expansion: requests=0x52fb0d0, num_requests=4
Entering num_requests
after num_requests 
after jxf_TFree(requests)
after jxf_TFree(comm_handle)
vecR_norm_after = 1.157377
vecR_norm_after = 1.157377
vecR_norm_after = 1.157377
vecR_norm_after = 1.157377
    5    7.180778e-01    0.989407   9.258444e-01
Entering jxf_ParBSRCommHandleDestroy
after jxf_ParBSRCommHandleDestroy, comm_handle=0x52d3640
Checking comm_handle structure:
  comm_handle->num_requests = 6
  comm_handle->requests = 0x52d3620
After macro expansion: requests=0x52d3620, num_requests=6
Entering num_requests
Entering jxf_ParBSRCommHandleDestroy
after jxf_ParBSRCommHandleDestroy, comm_handle=0x5bfd280
Checking comm_handle structure:
  comm_handle->num_requests = 4
Entering jxf_ParBSRCommHandleDestroy
after jxf_ParBSRCommHandleDestroy, comm_handle=0x5203250
Checking comm_handle structure:
  comm_handle->num_requests = 6
  comm_handle->requests = 0x5203230
After macro expansion: requests=0x5203230, num_requests=6
Entering num_requests
after num_requests 
after jxf_TFree(requests)
after jxf_TFree(comm_handle)
  comm_handle->requests = 0x5bfd260
After macro expansion: requests=0x5bfd260, num_requests=4
Entering num_requests
after num_requests 
after jxf_TFree(requests)
after jxf_TFree(comm_handle)
after num_requests 
after jxf_TFree(requests)
after jxf_TFree(comm_handle)
Entering jxf_ParBSRCommHandleDestroy
after jxf_ParBSRCommHandleDestroy, comm_handle=0x52fb210
Checking comm_handle structure:
  comm_handle->num_requests = 4
  comm_handle->requests = 0x52fb1f0
After macro expansion: requests=0x52fb1f0, num_requests=4
Entering num_requests
after num_requests 
after jxf_TFree(requests)
after jxf_TFree(comm_handle)
Entering jxf_ParBSRCommHandleDestroy
after jxf_ParBSRCommHandleDestroy, comm_handle=0x52d3640
Checking comm_handle structure:
  comm_handle->num_requests = 6
  comm_handle->requests = 0x52d3620
After macro expansion: requests=0x52d3620, num_requests=6
Entering num_requests
Entering jxf_ParBSRCommHandleDestroy
after jxf_ParBSRCommHandleDestroy, comm_handle=0x5bfd280
Checking comm_handle structure:
  comm_handle->num_requests = 4
  comm_handle->requests = 0x5bfd260
After macro expansion: requests=0x5bfd260, num_requests=4
Entering num_requests
after num_requests 
after jxf_TFree(requests)
after jxf_TFree(comm_handle)
Entering jxf_ParBSRCommHandleDestroy
after jxf_ParBSRCommHandleDestroy, comm_handle=0x5203250
Checking comm_handle structure:
  comm_handle->num_requests = 6
  comm_handle->requests = 0x5203230
After macro expansion: requests=0x5203230, num_requests=6
Entering num_requests
after num_requests 
after jxf_TFree(requests)
after jxf_TFree(comm_handle)
after num_requests 
after jxf_TFree(requests)
after jxf_TFree(comm_handle)
Entering jxf_ParBSRCommHandleDestroy
after jxf_ParBSRCommHandleDestroy, comm_handle=0x52fb210
Checking comm_handle structure:
  comm_handle->num_requests = 4
  comm_handle->requests = 0x52fb1f0
After macro expansion: requests=0x52fb1f0, num_requests=4
Entering num_requests
after num_requests 
after jxf_TFree(requests)
after jxf_TFree(comm_handle)
IR Iteration  7: Residual = 7.180982e-01 (rel = 7.939842e-02)
Initial L2 norm of residual: 7.180870e-01
=============================================

Iters     resid.norm     conv.rate  rel.res.norm(wrt.b_norm)
-----    ------------    ---------- ------------------------
vecR_norm_before = 0.000000
vecR_norm_before = 0.000000
vecR_norm_before = 0.000000
vecR_norm_before = 0.000000
Entering jxf_ParBSRCommHandleDestroy
after jxf_ParBSRCommHandleDestroy, comm_handle=0x55558d0
Checking comm_handle structure:
  comm_handle->num_requests = 4
  comm_handle->requests = 0x55558b0
After macro expansion: requests=0x55558b0, num_requests=4
Entering num_requests
Entering jxf_ParBSRCommHandleDestroy
after jxf_ParBSRCommHandleDestroy, comm_handle=0x52d3760
Checking comm_handle structure:
  comm_handle->num_requests = 6
  comm_handle->requests = 0x52d3740
After macro expansion: requests=0x52d3740, num_requests=6
Entering num_requests
after num_requests 
after jxf_TFree(requests)
after jxf_TFree(comm_handle)
after num_requests 
after jxf_TFree(requests)
after jxf_TFree(comm_handle)
Entering jxf_ParBSRCommHandleDestroy
after jxf_ParBSRCommHandleDestroy, comm_handle=0x5203370
Checking comm_handle structure:
  comm_handle->num_requests = 6
  comm_handle->requests = 0x5203350
After macro expansion: requests=0x5203350, num_requests=6
Entering num_requests
after num_requests 
after jxf_TFree(requests)
after jxf_TFree(comm_handle)
Entering jxf_ParBSRCommHandleDestroy
after jxf_ParBSRCommHandleDestroy, comm_handle=0x4ada2d0
Checking comm_handle structure:
  comm_handle->num_requests = 4
  comm_handle->requests = 0x4ada2b0
After macro expansion: requests=0x4ada2b0, num_requests=4
Entering num_requests
after num_requests 
after jxf_TFree(requests)
after jxf_TFree(comm_handle)
Entering jxf_ParBSRCommHandleDestroy
after jxf_ParBSRCommHandleDestroy, comm_handle=0x55558d0
Checking comm_handle structure:
  comm_handle->num_requests = 4
  comm_handle->requests = 0x55558b0
After macro expansion: requests=0x55558b0, num_requests=4
Entering num_requests
Entering jxf_ParBSRCommHandleDestroy
after jxf_ParBSRCommHandleDestroy, comm_handle=0x52d3760
Checking comm_handle structure:
  comm_handle->num_requests = 6
  comm_handle->requests = 0x52d3740
After macro expansion: requests=0x52d3740, num_requests=6
Entering num_requests
after num_requests 
after jxf_TFree(requests)
after jxf_TFree(comm_handle)
Entering jxf_ParBSRCommHandleDestroy
after jxf_ParBSRCommHandleDestroy, comm_handle=0x5203370
Checking comm_handle structure:
  comm_handle->num_requests = 6
  comm_handle->requests = 0x5203350
After macro expansion: requests=0x5203350, num_requests=6
Entering num_requests
after num_requests 
after jxf_TFree(requests)
after jxf_TFree(comm_handle)
after num_requests 
after jxf_TFree(requests)
after jxf_TFree(comm_handle)
Entering jxf_ParBSRCommHandleDestroy
after jxf_ParBSRCommHandleDestroy, comm_handle=0x4ada2d0
Checking comm_handle structure:
  comm_handle->num_requests = 4
  comm_handle->requests = 0x4ada2b0
After macro expansion: requests=0x4ada2b0, num_requests=4
Entering num_requests
after num_requests 
after jxf_TFree(requests)
after jxf_TFree(comm_handle)
vecR_norm_after = 1.256780
vecR_norm_after = 1.256780
vecR_norm_after = 1.256780
vecR_norm_after = 1.256780
    1    7.093371e-01    0.987815   9.878150e-01
vecR_norm_before = 0.000000
vecR_norm_before = 0.000000
vecR_norm_before = 0.000000
vecR_norm_before = 0.000000
Entering jxf_ParBSRCommHandleDestroy
after jxf_ParBSRCommHandleDestroy, comm_handle=0x51a3470
Checking comm_handle structure:
  comm_handle->num_requests = 4
  comm_handle->requests = 0x51a3450
After macro expansion: requests=0x51a3450, num_requests=4
Entering num_requests
Entering jxf_ParBSRCommHandleDestroy
after jxf_ParBSRCommHandleDestroy, comm_handle=0x52d3880
Checking comm_handle structure:
  comm_handle->num_requests = 6
  comm_handle->requests = 0x52d3860
After macro expansion: requests=0x52d3860, num_requests=6
Entering num_requests
after num_requests 
after jxf_TFree(requests)
after jxf_TFree(comm_handle)
after num_requests 
after jxf_TFree(requests)
after jxf_TFree(comm_handle)
Entering jxf_ParBSRCommHandleDestroy
after jxf_ParBSRCommHandleDestroy, comm_handle=0x4ada3f0
Checking comm_handle structure:
  comm_handle->num_requests = 4
  comm_handle->requests = 0x4ada3d0
After macro expansion: requests=0x4ada3d0, num_requests=4
Entering num_requests
after num_requests 
after jxf_TFree(requests)
after jxf_TFree(comm_handle)
Entering jxf_ParBSRCommHandleDestroy
after jxf_ParBSRCommHandleDestroy, comm_handle=0x5203490
Checking comm_handle structure:
  comm_handle->num_requests = 6
  comm_handle->requests = 0x5203470
After macro expansion: requests=0x5203470, num_requests=6
Entering num_requests
after num_requests 
after jxf_TFree(requests)
after jxf_TFree(comm_handle)
Entering jxf_ParBSRCommHandleDestroy
after jxf_ParBSRCommHandleDestroy, comm_handle=0x52d3880
Checking comm_handle structure:
  comm_handle->num_requests = 6
  comm_handle->requests = 0x52d3860
After macro expansion: requests=0x52d3860, num_requests=6
Entering num_requests
Entering jxf_ParBSRCommHandleDestroy
after jxf_ParBSRCommHandleDestroy, comm_handle=0x51a3470
Checking comm_handle structure:
  comm_handle->num_requests = 4
  comm_handle->requests = 0x51a3450
After macro expansion: requests=0x51a3450, num_requests=4
Entering num_requests
after num_requests 
after jxf_TFree(requests)
after jxf_TFree(comm_handle)
Entering jxf_ParBSRCommHandleDestroy
after jxf_ParBSRCommHandleDestroy, comm_handle=0x5203490
Checking comm_handle structure:
  comm_handle->num_requests = 6
  comm_handle->requests = 0x5203470
After macro expansion: requests=0x5203470, num_requests=6
Entering num_requests
after num_requests 
after jxf_TFree(requests)
after jxf_TFree(comm_handle)
after num_requests 
after jxf_TFree(requests)
after jxf_TFree(comm_handle)
Entering jxf_ParBSRCommHandleDestroy
after jxf_ParBSRCommHandleDestroy, comm_handle=0x4ada3f0
Checking comm_handle structure:
  comm_handle->num_requests = 4
  comm_handle->requests = 0x4ada3d0
After macro expansion: requests=0x4ada3d0, num_requests=4
Entering num_requests
after num_requests 
after jxf_TFree(requests)
after jxf_TFree(comm_handle)
vecR_norm_after = 1.254346
vecR_norm_after = 1.254346
vecR_norm_after = 1.254346
vecR_norm_after = 1.254346
    2    7.001657e-01    0.987071   9.750431e-01
vecR_norm_before = 0.000000
vecR_norm_before = 0.000000
vecR_norm_before = 0.000000
vecR_norm_before = 0.000000
Entering jxf_ParBSRCommHandleDestroy
after jxf_ParBSRCommHandleDestroy, comm_handle=0x51a3590
Checking comm_handle structure:
  comm_handle->num_requests = 4
  comm_handle->requests = 0x51a3570
After macro expansion: requests=0x51a3570, num_requests=4
Entering num_requests
Entering jxf_ParBSRCommHandleDestroy
after jxf_ParBSRCommHandleDestroy, comm_handle=0x52d39a0
Checking comm_handle structure:
  comm_handle->num_requests = 6
  comm_handle->requests = 0x52d3980
After macro expansion: requests=0x52d3980, num_requests=6
Entering num_requests
after num_requests 
after jxf_TFree(requests)
after jxf_TFree(comm_handle)
after num_requests 
after jxf_TFree(requests)
after jxf_TFree(comm_handle)
Entering jxf_ParBSRCommHandleDestroy
after jxf_ParBSRCommHandleDestroy, comm_handle=0x52035b0
Checking comm_handle structure:
  comm_handle->num_requests = 6
  comm_handle->requests = 0x5203590
After macro expansion: requests=0x5203590, num_requests=6
Entering num_requests
after num_requests 
after jxf_TFree(requests)
after jxf_TFree(comm_handle)
Entering jxf_ParBSRCommHandleDestroy
after jxf_ParBSRCommHandleDestroy, comm_handle=0x4428650
Checking comm_handle structure:
  comm_handle->num_requests = 4
  comm_handle->requests = 0x4428630
After macro expansion: requests=0x4428630, num_requests=4
Entering num_requests
after num_requests 
after jxf_TFree(requests)
after jxf_TFree(comm_handle)
Entering jxf_ParBSRCommHandleDestroy
after jxf_ParBSRCommHandleDestroy, comm_handle=0x51a3590
Checking comm_handle structure:
  comm_handle->num_requests = 4
  comm_handle->requests = 0x51a3570
After macro expansion: requests=0x51a3570, num_requests=4
Entering num_requests
after num_requests 
after jxf_TFree(requests)
after jxf_TFree(comm_handle)
Entering jxf_ParBSRCommHandleDestroy
after jxf_ParBSRCommHandleDestroy, comm_handle=0x52d39a0
Checking comm_handle structure:
  comm_handle->num_requests = 6
  comm_handle->requests = 0x52d3980
After macro expansion: requests=0x52d3980, num_requests=6
Entering num_requests
Entering jxf_ParBSRCommHandleDestroy
after jxf_ParBSRCommHandleDestroy, comm_handle=0x52035b0
Checking comm_handle structure:after num_requests 
after jxf_TFree(requests)
after jxf_TFree(comm_handle)

  comm_handle->num_requests = 6
  comm_handle->requests = 0x5203590
After macro expansion: requests=0x5203590, num_requests=6
Entering num_requests
after num_requests 
after jxf_TFree(requests)
after jxf_TFree(comm_handle)
Entering jxf_ParBSRCommHandleDestroy
after jxf_ParBSRCommHandleDestroy, comm_handle=0x4428650
Checking comm_handle structure:
  comm_handle->num_requests = 4
  comm_handle->requests = 0x4428630
After macro expansion: requests=0x4428630, num_requests=4
Entering num_requests
after num_requests 
after jxf_TFree(requests)
after jxf_TFree(comm_handle)
vecR_norm_after = 2.613268
vecR_norm_after = 2.613268
vecR_norm_after = 2.613268
vecR_norm_after = 2.613268
    3    6.944788e-01    0.991878   9.671236e-01
vecR_norm_before = 0.000000
vecR_norm_before = 0.000000
vecR_norm_before = 0.000000
vecR_norm_before = 0.000000
Entering jxf_ParBSRCommHandleDestroy
after jxf_ParBSRCommHandleDestroy, comm_handle=0x51a36b0
Checking comm_handle structure:
  comm_handle->num_requests = 4
  comm_handle->requests = 0x51a3690
After macro expansion: requests=0x51a3690, num_requests=4
Entering num_requests
after num_requests 
Entering jxf_ParBSRCommHandleDestroy
after jxf_ParBSRCommHandleDestroy, comm_handle=0x52d3ac0
Checking comm_handle structure:
  comm_handle->num_requests = 6
  comm_handle->requests = 0x52d3aa0
After macro expansion: requests=0x52d3aa0, num_requests=6
Entering num_requests
after num_requests 
after jxf_TFree(requests)
after jxf_TFree(comm_handle)
after jxf_TFree(requests)
after jxf_TFree(comm_handle)
Entering jxf_ParBSRCommHandleDestroy
after jxf_ParBSRCommHandleDestroy, comm_handle=0x52036d0
Checking comm_handle structure:
  comm_handle->num_requests = 6
  comm_handle->requests = 0x52036b0
After macro expansion: requests=0x52036b0, num_requests=6
Entering num_requests
after num_requests 
after jxf_TFree(requests)
after jxf_TFree(comm_handle)
Entering jxf_ParBSRCommHandleDestroy
after jxf_ParBSRCommHandleDestroy, comm_handle=0x4428770
Checking comm_handle structure:
  comm_handle->num_requests = 4
  comm_handle->requests = 0x4428750
After macro expansion: requests=0x4428750, num_requests=4
Entering num_requests
after num_requests 
after jxf_TFree(requests)
after jxf_TFree(comm_handle)
Entering jxf_ParBSRCommHandleDestroy
after jxf_ParBSRCommHandleDestroy, comm_handle=0x51a36b0
Checking comm_handle structure:
  comm_handle->num_requests = 4
  comm_handle->requests = 0x51a3690
After macro expansion: requests=0x51a3690, num_requests=4
Entering num_requests
Entering jxf_ParBSRCommHandleDestroy
after jxf_ParBSRCommHandleDestroy, comm_handle=0x52d3ac0
Checking comm_handle structure:
  comm_handle->num_requests = 6
  comm_handle->requests = 0x52d3aa0
After macro expansion: requests=0x52d3aa0, num_requests=6
Entering num_requests
Entering jxf_ParBSRCommHandleDestroy
after jxf_ParBSRCommHandleDestroy, comm_handle=0x4428770
Checking comm_handle structure:
  comm_handle->num_requests = 4
  comm_handle->requests = 0x4428750
After macro expansion: requests=0x4428750, num_requests=4
Entering num_requests
after num_requests 
after jxf_TFree(requests)
after jxf_TFree(comm_handle)
after num_requests 
after jxf_TFree(requests)
after jxf_TFree(comm_handle)
after num_requests 
after jxf_TFree(requests)
after jxf_TFree(comm_handle)
Entering jxf_ParBSRCommHandleDestroy
after jxf_ParBSRCommHandleDestroy, comm_handle=0x52036d0
Checking comm_handle structure:
  comm_handle->num_requests = 6
  comm_handle->requests = 0x52036b0
After macro expansion: requests=0x52036b0, num_requests=6
Entering num_requests
after num_requests 
after jxf_TFree(requests)
after jxf_TFree(comm_handle)
vecR_norm_after = 1.365837
vecR_norm_after = 1.365837
vecR_norm_after = 1.365837
vecR_norm_after = 1.365837
    4    6.897837e-01    0.993239   9.605852e-01
vecR_norm_before = 0.000000
vecR_norm_before = 0.000000
vecR_norm_before = 0.000000
vecR_norm_before = 0.000000
Entering jxf_ParBSRCommHandleDestroy
after jxf_ParBSRCommHandleDestroy, comm_handle=0x52d3be0
Checking comm_handle structure:
  comm_handle->num_requests = 6
  comm_handle->requests = 0x52d3bc0
After macro expansion: requests=0x52d3bc0, num_requests=6
Entering num_requests
Entering jxf_ParBSRCommHandleDestroy
after jxf_ParBSRCommHandleDestroy, comm_handle=0x52037f0
Checking comm_handle structure:
  comm_handle->num_requests = 6
  comm_handle->requests = 0x52037d0
After macro expansion: requests=0x52037d0, num_requests=6
Entering num_requests
after num_requests 
after jxf_TFree(requests)
after jxf_TFree(comm_handle)
after num_requests 
after jxf_TFree(requests)
after jxf_TFree(comm_handle)
Entering jxf_ParBSRCommHandleDestroy
after jxf_ParBSRCommHandleDestroy, comm_handle=0x4428890
Checking comm_handle structure:
  comm_handle->num_requests = 4
  comm_handle->requests = 0x4428870
After macro expansion: requests=0x4428870, num_requests=4
Entering num_requests
after num_requests 
after jxf_TFree(requests)
after jxf_TFree(comm_handle)
Entering jxf_ParBSRCommHandleDestroy
after jxf_ParBSRCommHandleDestroy, comm_handle=0x51a37d0
Checking comm_handle structure:
  comm_handle->num_requests = 4
  comm_handle->requests = 0x51a37b0
After macro expansion: requests=0x51a37b0, num_requests=4
Entering num_requests
after num_requests 
after jxf_TFree(requests)
after jxf_TFree(comm_handle)
Entering jxf_ParBSRCommHandleDestroy
after jxf_ParBSRCommHandleDestroy, comm_handle=0x52d3be0
Checking comm_handle structure:
  comm_handle->num_requests = 6
  comm_handle->requests = 0x52d3bc0
After macro expansion: requests=0x52d3bc0, num_requests=6
Entering num_requests
Entering jxf_ParBSRCommHandleDestroy
after jxf_ParBSRCommHandleDestroy, comm_handle=0x4428890
Checking comm_handle structure:
  comm_handle->num_requests = 4
  comm_handle->requests = 0x4428870
After macro expansion: requests=0x4428870, num_requests=4
Entering num_requests
after num_requests 
after jxf_TFree(requests)
after jxf_TFree(comm_handle)
Entering jxf_ParBSRCommHandleDestroy
after jxf_ParBSRCommHandleDestroy, comm_handle=0x52037f0
Checking comm_handle structure:
  comm_handle->num_requests = 6
  comm_handle->requests = 0x52037d0
After macro expansion: requests=0x52037d0, num_requests=6
Entering num_requests
after num_requests 
after jxf_TFree(requests)
after jxf_TFree(comm_handle)
after num_requests 
after jxf_TFree(requests)
after jxf_TFree(comm_handle)
Entering jxf_ParBSRCommHandleDestroy
after jxf_ParBSRCommHandleDestroy, comm_handle=0x51a37d0
Checking comm_handle structure:
  comm_handle->num_requests = 4
  comm_handle->requests = 0x51a37b0
After macro expansion: requests=0x51a37b0, num_requests=4
Entering num_requests
after num_requests 
after jxf_TFree(requests)
after jxf_TFree(comm_handle)
vecR_norm_after = 0.836772
vecR_norm_after = 0.836772
vecR_norm_after = 0.836772
vecR_norm_after = 0.836772
    5    6.826781e-01    0.989699   9.506900e-01
Entering jxf_ParBSRCommHandleDestroy
after jxf_ParBSRCommHandleDestroy, comm_handle=0x51a38f0
Checking comm_handle structure:
  comm_handle->num_requests = 4
  comm_handle->requests = 0x51a38d0
After macro expansion: requests=0x51a38d0, num_requests=4
Entering num_requests
after num_requests 
after jxf_TFree(requests)
after jxf_TFree(comm_handle)
Entering jxf_ParBSRCommHandleDestroyEntering jxf_ParBSRCommHandleDestroy
after jxf_ParBSRCommHandleDestroy, comm_handle=0x5203910
Checking comm_handle structure:
  comm_handle->num_requests = 6
  comm_handle->requests = 0x52038f0
After macro expansion: requests=0x52038f0, num_requests=6
Entering num_requests
after num_requests 
after jxf_TFree(requests)

after jxf_TFree(comm_handle)
Entering jxf_ParBSRCommHandleDestroy
after jxf_ParBSRCommHandleDestroy, comm_handle=0x44289b0
Checking comm_handle structure:
  comm_handle->num_requests = 4
  comm_handle->requests = 0x4428990
After macro expansion: requests=0x4428990, num_requests=4
Entering num_requests
after num_requests 
after jxf_TFree(requests)
after jxf_TFree(comm_handle)
after jxf_ParBSRCommHandleDestroy, comm_handle=0x52d3d00
Checking comm_handle structure:
  comm_handle->num_requests = 6
  comm_handle->requests = 0x52d3ce0
After macro expansion: requests=0x52d3ce0, num_requests=6
Entering num_requests
after num_requests 
after jxf_TFree(requests)
after jxf_TFree(comm_handle)
Entering jxf_ParBSRCommHandleDestroy
after jxf_ParBSRCommHandleDestroy, comm_handle=0x52d3d00
Checking comm_handle structure:
  comm_handle->num_requests = 6
  comm_handle->requests = 0x52d3ce0
After macro expansion: requests=0x52d3ce0, num_requests=6
Entering num_requests
Entering jxf_ParBSRCommHandleDestroy
after jxf_ParBSRCommHandleDestroy, comm_handle=0x5203910
Checking comm_handle structure:
  comm_handle->num_requests = 6
  comm_handle->requests = 0x52038f0
After macro expansion: requests=0x52038f0, num_requests=6
Entering num_requests
Entering jxf_ParBSRCommHandleDestroy
after jxf_ParBSRCommHandleDestroy, comm_handle=0x51a38f0
Checking comm_handle structure:
  comm_handle->num_requests = 4
  comm_handle->requests = 0x51a38d0
After macro expansion: requests=0x51a38d0, num_requests=4
Entering num_requests
after num_requests 
after jxf_TFree(requests)
after jxf_TFree(comm_handle)
after num_requests 
after jxf_TFree(requests)
after jxf_TFree(comm_handle)
after num_requests 
after jxf_TFree(requests)
after jxf_TFree(comm_handle)
Entering jxf_ParBSRCommHandleDestroy
after jxf_ParBSRCommHandleDestroy, comm_handle=0x44289b0
Checking comm_handle structure:
  comm_handle->num_requests = 4
  comm_handle->requests = 0x4428990
After macro expansion: requests=0x4428990, num_requests=4
Entering num_requests
after num_requests 
after jxf_TFree(requests)
after jxf_TFree(comm_handle)
IR Iteration  8: Residual = 6.826916e-01 (rel = 7.548360e-02)
Initial L2 norm of residual: 6.826824e-01
=============================================

Iters     resid.norm     conv.rate  rel.res.norm(wrt.b_norm)
-----    ------------    ---------- ------------------------
vecR_norm_before = 0.000000
vecR_norm_before = 0.000000
vecR_norm_before = 0.000000
vecR_norm_before = 0.000000
Entering jxf_ParBSRCommHandleDestroy
after jxf_ParBSRCommHandleDestroy, comm_handle=0x4428ad0
Checking comm_handle structure:
  comm_handle->num_requests = 4
  comm_handle->requests = 0x4428ab0
After macro expansion: requests=0x4428ab0, num_requests=4
Entering num_requests
Entering jxf_ParBSRCommHandleDestroy
after jxf_ParBSRCommHandleDestroy, comm_handle=0x52d3e20
Checking comm_handle structure:
  comm_handle->num_requests = 6
  comm_handle->requests = 0x52d3e00
After macro expansion: requests=0x52d3e00, num_requests=6
Entering num_requests
after num_requests 
after jxf_TFree(requests)
after jxf_TFree(comm_handle)
after num_requests 
after jxf_TFree(requests)
after jxf_TFree(comm_handle)
Entering jxf_ParBSRCommHandleDestroy
after jxf_ParBSRCommHandleDestroy, comm_handle=0x51a3a20
Checking comm_handle structure:
  comm_handle->num_requests = 4
  comm_handle->requests = 0x51a3a00
After macro expansion: requests=0x51a3a00, num_requests=4
Entering num_requests
after num_requests 
after jxf_TFree(requests)
after jxf_TFree(comm_handle)
Entering jxf_ParBSRCommHandleDestroy
after jxf_ParBSRCommHandleDestroy, comm_handle=0x53ea860
Checking comm_handle structure:
  comm_handle->num_requests = 6
  comm_handle->requests = 0x53ea840
After macro expansion: requests=0x53ea840, num_requests=6
Entering num_requests
after num_requests 
after jxf_TFree(requests)
after jxf_TFree(comm_handle)
Entering jxf_ParBSRCommHandleDestroy
after jxf_ParBSRCommHandleDestroy, comm_handle=0x52d3e20
Checking comm_handle structure:
  comm_handle->num_requests = 6
  comm_handle->requests = 0x52d3e00
After macro expansion: requests=0x52d3e00, num_requests=6
Entering num_requests
Entering jxf_ParBSRCommHandleDestroy
after jxf_ParBSRCommHandleDestroy, comm_handle=0x4428ad0
Checking comm_handle structure:
  comm_handle->num_requests = 4
  comm_handle->requests = 0x4428ab0
After macro expansion: requests=0x4428ab0, num_requests=4
Entering num_requests
Entering jxf_ParBSRCommHandleDestroy
after jxf_ParBSRCommHandleDestroy, comm_handle=0x51a3a20
Checking comm_handle structure:
  comm_handle->num_requests = 4
  comm_handle->requests = 0x51a3a00
After macro expansion: requests=0x51a3a00, num_requests=4
Entering num_requests
after num_requests 
after jxf_TFree(requests)
after jxf_TFree(comm_handle)
after num_requests 
after jxf_TFree(requests)
after jxf_TFree(comm_handle)
after num_requests 
after jxf_TFree(requests)
after jxf_TFree(comm_handle)
Entering jxf_ParBSRCommHandleDestroy
after jxf_ParBSRCommHandleDestroy, comm_handle=0x53ea860
Checking comm_handle structure:
  comm_handle->num_requests = 6
  comm_handle->requests = 0x53ea840
After macro expansion: requests=0x53ea840, num_requests=6
Entering num_requests
after num_requests 
after jxf_TFree(requests)
after jxf_TFree(comm_handle)
vecR_norm_after = 0.601529
vecR_norm_after = 0.601529
vecR_norm_after = 0.601529
vecR_norm_after = 0.601529
    1    6.786050e-01    0.994027   9.940273e-01
vecR_norm_before = 0.000000
vecR_norm_before = 0.000000
vecR_norm_before = 0.000000
vecR_norm_before = 0.000000
Entering jxf_ParBSRCommHandleDestroyEntering jxf_ParBSRCommHandleDestroy
after jxf_ParBSRCommHandleDestroy, comm_handle=0x53ea980
Checking comm_handle structure:
  comm_handle->num_requests = 6
  comm_handle->requests = 0x53ea960
After macro expansion: requests=0x53ea960, num_requests=6
Entering num_requests

after jxf_ParBSRCommHandleDestroy, comm_handle=0x52d3f40
Checking comm_handle structure:
  comm_handle->num_requests = 6
  comm_handle->requests = 0x52d3f20
After macro expansion: requests=0x52d3f20, num_requests=6
Entering num_requests
after num_requests after num_requests 
after jxf_TFree(requests)
after jxf_TFree(comm_handle)

after jxf_TFree(requests)
after jxf_TFree(comm_handle)
Entering jxf_ParBSRCommHandleDestroy
after jxf_ParBSRCommHandleDestroy, comm_handle=0x4428bf0
Checking comm_handle structure:
  comm_handle->num_requests = 4
Entering jxf_ParBSRCommHandleDestroy
after jxf_ParBSRCommHandleDestroy, comm_handle=0x51a3b40
Checking comm_handle structure:
  comm_handle->num_requests = 4
  comm_handle->requests = 0x51a3b20
After macro expansion: requests=0x51a3b20, num_requests=4
Entering num_requests
after num_requests 
after jxf_TFree(requests)
  comm_handle->requests = 0x4428bd0
After macro expansion: requests=0x4428bd0, num_requests=4
after jxf_TFree(comm_handle)
Entering num_requests
after num_requests 
after jxf_TFree(requests)
after jxf_TFree(comm_handle)
Entering jxf_ParBSRCommHandleDestroy
after jxf_ParBSRCommHandleDestroy, comm_handle=0x52d3f40
Checking comm_handle structure:
  comm_handle->num_requests = 6
  comm_handle->requests = 0x52d3f20
After macro expansion: requests=0x52d3f20, num_requests=6
Entering num_requests
Entering jxf_ParBSRCommHandleDestroy
after jxf_ParBSRCommHandleDestroy, comm_handle=0x53ea980
Checking comm_handle structure:
  comm_handle->num_requests = 6
  comm_handle->requests = 0x53ea960
After macro expansion: requests=0x53ea960, num_requests=6
Entering num_requests
Entering jxf_ParBSRCommHandleDestroy
after jxf_ParBSRCommHandleDestroy, comm_handle=0x4428bf0
Checking comm_handle structure:
  comm_handle->num_requests = 4
  comm_handle->requests = 0x4428bd0
After macro expansion: requests=0x4428bd0, num_requests=4
Entering num_requests
after num_requests 
after jxf_TFree(requests)
after jxf_TFree(comm_handle)
after num_requests 
after jxf_TFree(requests)
after jxf_TFree(comm_handle)
after num_requests 
after jxf_TFree(requests)
after jxf_TFree(comm_handle)
Entering jxf_ParBSRCommHandleDestroy
after jxf_ParBSRCommHandleDestroy, comm_handle=0x51a3b40
Checking comm_handle structure:
  comm_handle->num_requests = 4
  comm_handle->requests = 0x51a3b20
After macro expansion: requests=0x51a3b20, num_requests=4
Entering num_requests
after num_requests 
after jxf_TFree(requests)
after jxf_TFree(comm_handle)
vecR_norm_after = 0.332401
vecR_norm_after = 0.332401
vecR_norm_after = 0.332401
vecR_norm_after = 0.332401
    2    6.762657e-01    0.996553   9.906007e-01
vecR_norm_before = 0.000000
vecR_norm_before = 0.000000
vecR_norm_before = 0.000000
vecR_norm_before = 0.000000
Entering jxf_ParBSRCommHandleDestroyEntering jxf_ParBSRCommHandleDestroy
after jxf_ParBSRCommHandleDestroy, comm_handle=0x52d4060
Checking comm_handle structure:
  comm_handle->num_requests = 6
  comm_handle->requests = 0x52d4040
After macro expansion: requests=0x52d4040, num_requests=6
Entering num_requests
Entering jxf_ParBSRCommHandleDestroy
after num_requests 
after jxf_TFree(requests)
after jxf_TFree(comm_handle)
after jxf_ParBSRCommHandleDestroy, comm_handle=0x53eaaa0
Checking comm_handle structure:
  comm_handle->num_requests = 6
  comm_handle->requests = 0x53eaa80
After macro expansion: requests=0x53eaa80, num_requests=6
Entering num_requests
Entering jxf_ParBSRCommHandleDestroy
after jxf_ParBSRCommHandleDestroy, comm_handle=0x4428d10
Checking comm_handle structure:
  comm_handle->num_requests = 4
  comm_handle->requests = 0x4428cf0
After macro expansion: requests=0x4428cf0, num_requests=4
Entering num_requests
after num_requests 
after jxf_TFree(requests)
after jxf_TFree(comm_handle)
after num_requests 
after jxf_TFree(requests)
after jxf_TFree(comm_handle)

after jxf_ParBSRCommHandleDestroy, comm_handle=0x51a3c60
Checking comm_handle structure:
  comm_handle->num_requests = 4
  comm_handle->requests = 0x51a3c40
After macro expansion: requests=0x51a3c40, num_requests=4
Entering num_requests
after num_requests 
after jxf_TFree(requests)
after jxf_TFree(comm_handle)
Entering jxf_ParBSRCommHandleDestroy
after jxf_ParBSRCommHandleDestroy, comm_handle=0x52d4060
Checking comm_handle structure:
  comm_handle->num_requests = 6
  comm_handle->requests = 0x52d4040
After macro expansion: requests=0x52d4040, num_requests=6
Entering num_requests
after num_requests 
after jxf_TFree(requests)
after jxf_TFree(comm_handle)
Entering jxf_ParBSRCommHandleDestroy
after jxf_ParBSRCommHandleDestroy, comm_handle=0x4428d10
Checking comm_handle structure:
  comm_handle->num_requests = 4
  comm_handle->requests = 0x4428cf0
After macro expansion: requests=0x4428cf0, num_requests=4
Entering num_requests
after num_requests 
after jxf_TFree(requests)
after jxf_TFree(comm_handle)
Entering jxf_ParBSRCommHandleDestroy
after jxf_ParBSRCommHandleDestroy, comm_handle=0x53eaaa0
Checking comm_handle structure:
  comm_handle->num_requests = 6
  comm_handle->requests = 0x53eaa80
After macro expansion: requests=0x53eaa80, num_requests=6
Entering num_requests
after num_requests 
after jxf_TFree(requests)
after jxf_TFree(comm_handle)
Entering jxf_ParBSRCommHandleDestroy
after jxf_ParBSRCommHandleDestroy, comm_handle=0x51a3c60
Checking comm_handle structure:
  comm_handle->num_requests = 4
  comm_handle->requests = 0x51a3c40
After macro expansion: requests=0x51a3c40, num_requests=4
Entering num_requests
after num_requests 
after jxf_TFree(requests)
after jxf_TFree(comm_handle)
vecR_norm_after = 0.798285
vecR_norm_after = 0.798285
vecR_norm_after = 0.798285
vecR_norm_after = 0.798285
    3    6.728813e-01    0.994996   9.856433e-01
vecR_norm_before = 0.000000
vecR_norm_before = 0.000000
vecR_norm_before = 0.000000
vecR_norm_before = 0.000000
Entering jxf_ParBSRCommHandleDestroyEntering jxf_ParBSRCommHandleDestroy
after jxf_ParBSRCommHandleDestroy, comm_handle=0x52d4180
Checking comm_handle structure:
  comm_handle->num_requests = 6
  comm_handle->requests = 0x52d4160
After macro expansion: requests=0x52d4160, num_requests=6
Entering num_requests
Entering jxf_ParBSRCommHandleDestroy
after jxf_ParBSRCommHandleDestroy, comm_handle=0x63ec580
Checking comm_handle structure:
  comm_handle->num_requests = 6
after num_requests 
after jxf_TFree(requests)
after jxf_TFree(comm_handle)
  comm_handle->requests = 0x63ec560
After macro expansion: requests=0x63ec560, num_requests=6
Entering num_requests
Entering jxf_ParBSRCommHandleDestroy
after jxf_ParBSRCommHandleDestroy, comm_handle=0x4428e30
Checking comm_handle structure:
  comm_handle->num_requests = 4
  comm_handle->requests = 0x4428e10
After macro expansion: requests=0x4428e10, num_requests=4
Entering num_requests
after num_requests 
after num_requests 
after jxf_TFree(requests)
after jxf_TFree(comm_handle)
after jxf_TFree(requests)
after jxf_TFree(comm_handle)

after jxf_ParBSRCommHandleDestroy, comm_handle=0x51a3d80
Checking comm_handle structure:
  comm_handle->num_requests = 4
  comm_handle->requests = 0x51a3d60
After macro expansion: requests=0x51a3d60, num_requests=4
Entering num_requests
after num_requests 
after jxf_TFree(requests)
after jxf_TFree(comm_handle)
Entering jxf_ParBSRCommHandleDestroy
after jxf_ParBSRCommHandleDestroy, comm_handle=0x52d4180
Checking comm_handle structure:
  comm_handle->num_requests = 6
  comm_handle->requests = 0x52d4160
After macro expansion: requests=0x52d4160, num_requests=6
Entering num_requests
after num_requests 
after jxf_TFree(requests)
after jxf_TFree(comm_handle)
Entering jxf_ParBSRCommHandleDestroy
after jxf_ParBSRCommHandleDestroy, comm_handle=0x63ec580
Checking comm_handle structure:
  comm_handle->num_requests = 6
  comm_handle->requests = 0x63ec560
After macro expansion: requests=0x63ec560, num_requests=6
Entering num_requests
after num_requests 
after jxf_TFree(requests)
after jxf_TFree(comm_handle)
Entering jxf_ParBSRCommHandleDestroy
after jxf_ParBSRCommHandleDestroy, comm_handle=0x51a3d80
Checking comm_handle structure:
  comm_handle->num_requests = 4
  comm_handle->requests = 0x51a3d60
After macro expansion: requests=0x51a3d60, num_requests=4
Entering num_requests
after num_requests 
after jxf_TFree(requests)
after jxf_TFree(comm_handle)
Entering jxf_ParBSRCommHandleDestroy
after jxf_ParBSRCommHandleDestroy, comm_handle=0x4428e30
Checking comm_handle structure:
  comm_handle->num_requests = 4
  comm_handle->requests = 0x4428e10
After macro expansion: requests=0x4428e10, num_requests=4
Entering num_requests
after num_requests 
after jxf_TFree(requests)
after jxf_TFree(comm_handle)
vecR_norm_after = 0.438005
vecR_norm_after = 0.438005
vecR_norm_after = 0.438005
vecR_norm_after = 0.438005
    4    6.713287e-01    0.997693   9.833691e-01
vecR_norm_before = 0.000000
vecR_norm_before = 0.000000
vecR_norm_before = 0.000000
vecR_norm_before = 0.000000
Entering jxf_ParBSRCommHandleDestroy
after jxf_ParBSRCommHandleDestroy, comm_handle=0x51a3ea0
Checking comm_handle structure:
  comm_handle->num_requests = 4
  comm_handle->requests = 0x51a3e80
After macro expansion: requests=0x51a3e80, num_requests=4
Entering num_requests
Entering jxf_ParBSRCommHandleDestroy
after jxf_ParBSRCommHandleDestroy, comm_handle=0x52d42a0
Checking comm_handle structure:
  comm_handle->num_requests = 6
  comm_handle->requests = 0x52d4280
After macro expansion: requests=0x52d4280, num_requests=6
Entering num_requests
Entering jxf_ParBSRCommHandleDestroy
after jxf_ParBSRCommHandleDestroy, comm_handle=0x4428f50
Checking comm_handle structure:
  comm_handle->num_requests = 4
  comm_handle->requests = 0x4428f30
After macro expansion: requests=0x4428f30, num_requests=4
Entering num_requests
after num_requests 
after jxf_TFree(requests)
after jxf_TFree(comm_handle)
after num_requests 
after jxf_TFree(requests)
after jxf_TFree(comm_handle)
after num_requests 
after jxf_TFree(requests)
after jxf_TFree(comm_handle)
Entering jxf_ParBSRCommHandleDestroy
after jxf_ParBSRCommHandleDestroy, comm_handle=0x63ec6a0
Checking comm_handle structure:
  comm_handle->num_requests = 6
  comm_handle->requests = 0x63ec680
After macro expansion: requests=0x63ec680, num_requests=6
Entering num_requests
after num_requests 
after jxf_TFree(requests)
after jxf_TFree(comm_handle)
Entering jxf_ParBSRCommHandleDestroy
after jxf_ParBSRCommHandleDestroy, comm_handle=0x52d42a0
Checking comm_handle structure:
  comm_handle->num_requests = 6
  comm_handle->requests = 0x52d4280
After macro expansion: requests=0x52d4280, num_requests=6
Entering num_requests
Entering jxf_ParBSRCommHandleDestroy
after jxf_ParBSRCommHandleDestroy, comm_handle=0x4428f50
Checking comm_handle structure:
  comm_handle->num_requests = 4
  comm_handle->requests = 0x4428f30
After macro expansion: requests=0x4428f30, num_requests=4
Entering num_requests
Entering jxf_ParBSRCommHandleDestroy
after jxf_ParBSRCommHandleDestroy, comm_handle=0x51a3ea0
Checking comm_handle structure:
  comm_handle->num_requests = 4
  comm_handle->requests = 0x51a3e80
After macro expansion: requests=0x51a3e80, num_requests=4
Entering num_requests
after num_requests 
after jxf_TFree(requests)
after jxf_TFree(comm_handle)
after num_requests 
after jxf_TFree(requests)
after jxf_TFree(comm_handle)
after num_requests 
after jxf_TFree(requests)
after jxf_TFree(comm_handle)
Entering jxf_ParBSRCommHandleDestroy
after jxf_ParBSRCommHandleDestroy, comm_handle=0x63ec6a0
Checking comm_handle structure:
  comm_handle->num_requests = 6
  comm_handle->requests = 0x63ec680
After macro expansion: requests=0x63ec680, num_requests=6
Entering num_requests
after num_requests 
after jxf_TFree(requests)
after jxf_TFree(comm_handle)
vecR_norm_after = 0.966661
vecR_norm_after = 0.966661
vecR_norm_after = 0.966661
vecR_norm_after = 0.966661
    5    6.698167e-01    0.997748   9.811541e-01
Entering jxf_ParBSRCommHandleDestroy
after jxf_ParBSRCommHandleDestroy, comm_handle=0x52d43c0
Checking comm_handle structure:
  comm_handle->num_requests = 6
  comm_handle->requests = 0x52d43a0
After macro expansion: requests=0x52d43a0, num_requests=6
Entering num_requests
Entering jxf_ParBSRCommHandleDestroy
after jxf_ParBSRCommHandleDestroy, comm_handle=0x4429070
after num_requests 
after jxf_TFree(requests)
after jxf_TFree(comm_handle)
Checking comm_handle structure:
  comm_handle->num_requests = 4
  comm_handle->requests = 0x4429050
After macro expansion: requests=0x4429050, num_requests=4
Entering num_requests
Entering jxf_ParBSRCommHandleDestroy
after num_requests 
after jxf_TFree(requests)
after jxf_TFree(comm_handle)
after jxf_ParBSRCommHandleDestroy, comm_handle=0x51a3fc0
Checking comm_handle structure:
  comm_handle->num_requests = 4
  comm_handle->requests = 0x51a3fa0
After macro expansion: requests=0x51a3fa0, num_requests=4
Entering num_requests
after num_requests 
after jxf_TFree(requests)
after jxf_TFree(comm_handle)
Entering jxf_ParBSRCommHandleDestroy
after jxf_ParBSRCommHandleDestroy, comm_handle=0x63ec7c0
Checking comm_handle structure:
  comm_handle->num_requests = 6
  comm_handle->requests = 0x63ec7a0
After macro expansion: requests=0x63ec7a0, num_requests=6
Entering num_requests
after num_requests 
after jxf_TFree(requests)
after jxf_TFree(comm_handle)
Entering jxf_ParBSRCommHandleDestroy
after jxf_ParBSRCommHandleDestroy, comm_handle=0x52d43c0
Checking comm_handle structure:
  comm_handle->num_requests = 6
  comm_handle->requests = 0x52d43a0
After macro expansion: requests=0x52d43a0, num_requests=6
Entering num_requests
Entering jxf_ParBSRCommHandleDestroy
after jxf_ParBSRCommHandleDestroy, comm_handle=0x4429070
Checking comm_handle structure:
  comm_handle->num_requests = 4
  comm_handle->requests = 0x4429050
After macro expansion: requests=0x4429050, num_requests=4
Entering num_requests
Entering jxf_ParBSRCommHandleDestroy
after jxf_ParBSRCommHandleDestroy, comm_handle=0x51a3fc0
Checking comm_handle structure:
  comm_handle->num_requests = 4
  comm_handle->requests = 0x51a3fa0
After macro expansion: requests=0x51a3fa0, num_requests=4
Entering num_requests
after num_requests 
after jxf_TFree(requests)
after jxf_TFree(comm_handle)
after num_requests 
after jxf_TFree(requests)
after jxf_TFree(comm_handle)
after num_requests 
after jxf_TFree(requests)
after jxf_TFree(comm_handle)
Entering jxf_ParBSRCommHandleDestroy
after jxf_ParBSRCommHandleDestroy, comm_handle=0x63ec7c0
Checking comm_handle structure:
  comm_handle->num_requests = 6
  comm_handle->requests = 0x63ec7a0
After macro expansion: requests=0x63ec7a0, num_requests=6
Entering num_requests
after num_requests 
after jxf_TFree(requests)
after jxf_TFree(comm_handle)
IR Iteration  9: Residual = 6.698266e-01 (rel = 7.406114e-02)
Initial L2 norm of residual: 6.698187e-01
=============================================

Iters     resid.norm     conv.rate  rel.res.norm(wrt.b_norm)
-----    ------------    ---------- ------------------------
vecR_norm_before = 0.000000
vecR_norm_before = 0.000000
vecR_norm_before = 0.000000
vecR_norm_before = 0.000000
Entering jxf_ParBSRCommHandleDestroyEntering jxf_ParBSRCommHandleDestroy
Entering jxf_ParBSRCommHandleDestroy
after jxf_ParBSRCommHandleDestroy, comm_handle=0x52d44e0
Checking comm_handle structure:
  comm_handle->num_requests = 6
after jxf_ParBSRCommHandleDestroy, comm_handle=0x63ec8e0
Checking comm_handle structure:
  comm_handle->num_requests = 6
  comm_handle->requests = 0x63ec8c0
After macro expansion: requests=0x63ec8c0, num_requests=6
Entering num_requests
  comm_handle->requests = 0x52d44c0
After macro expansion: requests=0x52d44c0, num_requests=6
Entering num_requests

after num_requests 
after jxf_TFree(requests)
after jxf_TFree(comm_handle)
after num_requests 
after jxf_TFree(requests)
after jxf_TFree(comm_handle)
after jxf_ParBSRCommHandleDestroy, comm_handle=0x51a40f0
Entering jxf_ParBSRCommHandleDestroy
after jxf_ParBSRCommHandleDestroy, comm_handle=0x4429190
Checking comm_handle structure:
  comm_handle->num_requests = 4
  comm_handle->requests = 0x4429170
After macro expansion: requests=0x4429170, num_requests=4
Entering num_requests
after num_requests 
after jxf_TFree(requests)
after jxf_TFree(comm_handle)
Checking comm_handle structure:
  comm_handle->num_requests = 4
  comm_handle->requests = 0x51a40d0
After macro expansion: requests=0x51a40d0, num_requests=4
Entering num_requests
after num_requests 
after jxf_TFree(requests)
after jxf_TFree(comm_handle)
Entering jxf_ParBSRCommHandleDestroy
after jxf_ParBSRCommHandleDestroy, comm_handle=0x4429190
Checking comm_handle structure:
  comm_handle->num_requests = 4
  comm_handle->requests = 0x4429170
After macro expansion: requests=0x4429170, num_requests=4
Entering num_requests
Entering jxf_ParBSRCommHandleDestroy
after jxf_ParBSRCommHandleDestroy, comm_handle=0x52d44e0
Checking comm_handle structure:
  comm_handle->num_requests = 6
  comm_handle->requests = 0x52d44c0
After macro expansion: requests=0x52d44c0, num_requests=6
Entering num_requests
after num_requests 
after jxf_TFree(requests)
after jxf_TFree(comm_handle)
Entering jxf_ParBSRCommHandleDestroy
after jxf_ParBSRCommHandleDestroy, comm_handle=0x63ec8e0
Checking comm_handle structure:
  comm_handle->num_requests = 6
  comm_handle->requests = 0x63ec8c0
After macro expansion: requests=0x63ec8c0, num_requests=6
Entering num_requests
after num_requests 
after jxf_TFree(requests)
after jxf_TFree(comm_handle)
after num_requests 
after jxf_TFree(requests)
after jxf_TFree(comm_handle)
Entering jxf_ParBSRCommHandleDestroy
after jxf_ParBSRCommHandleDestroy, comm_handle=0x51a40f0
Checking comm_handle structure:
  comm_handle->num_requests = 4
  comm_handle->requests = 0x51a40d0
After macro expansion: requests=0x51a40d0, num_requests=4
Entering num_requests
after num_requests 
after jxf_TFree(requests)
after jxf_TFree(comm_handle)
vecR_norm_after = 0.438590
vecR_norm_after = 0.438590
vecR_norm_after = 0.438590
vecR_norm_after = 0.438590
    1    6.687717e-01    0.998437   9.984369e-01
vecR_norm_before = 0.000000
vecR_norm_before = 0.000000
vecR_norm_before = 0.000000
vecR_norm_before = 0.000000
Entering jxf_ParBSRCommHandleDestroy
after jxf_ParBSRCommHandleDestroy, comm_handle=0x51a4210
Checking comm_handle structure:
  comm_handle->num_requests = 4
  comm_handle->requests = 0x51a41f0
After macro expansion: requests=0x51a41f0, num_requests=4
Entering num_requests
Entering jxf_ParBSRCommHandleDestroy
after jxf_ParBSRCommHandleDestroy, comm_handle=0x52d4600
Checking comm_handle structure:
  comm_handle->num_requests = 6
  comm_handle->requests = 0x52d45e0
After macro expansion: requests=0x52d45e0, num_requests=6
Entering num_requests
after num_requests 
after jxf_TFree(requests)
after jxf_TFree(comm_handle)
after num_requests 
after jxf_TFree(requests)
after jxf_TFree(comm_handle)
Entering jxf_ParBSRCommHandleDestroy
after jxf_ParBSRCommHandleDestroy, comm_handle=0x63eca00
Checking comm_handle structure:
  comm_handle->num_requests = 6
  comm_handle->requests = 0x63ec9e0
After macro expansion: requests=0x63ec9e0, num_requests=6
Entering num_requestsEntering jxf_ParBSRCommHandleDestroy
after jxf_ParBSRCommHandleDestroy, comm_handle=0x44292b0
Checking comm_handle structure:
  comm_handle->num_requests = 4
  comm_handle->requests = 0x4429290
After macro expansion: requests=0x4429290, num_requests=4
Entering num_requests
after num_requests 
after jxf_TFree(requests)
after jxf_TFree(comm_handle)

after num_requests 
after jxf_TFree(requests)
after jxf_TFree(comm_handle)
Entering jxf_ParBSRCommHandleDestroy
after jxf_ParBSRCommHandleDestroy, comm_handle=0x52d4600
Checking comm_handle structure:
  comm_handle->num_requests = 6
  comm_handle->requests = 0x52d45e0
After macro expansion: requests=0x52d45e0, num_requests=6
Entering num_requests
after num_requests 
after jxf_TFree(requests)
after jxf_TFree(comm_handle)
Entering jxf_ParBSRCommHandleDestroy
after jxf_ParBSRCommHandleDestroy, comm_handle=0x51a4210
Checking comm_handle structure:
  comm_handle->num_requests = 4
  comm_handle->requests = 0x51a41f0
After macro expansion: requests=0x51a41f0, num_requests=4
Entering num_requests
Entering jxf_ParBSRCommHandleDestroy
after jxf_ParBSRCommHandleDestroy, comm_handle=0x44292b0
Checking comm_handle structure:
  comm_handle->num_requests = 4
  comm_handle->requests = 0x4429290
After macro expansion: requests=0x4429290, num_requests=4
Entering num_requests
after num_requests 
after jxf_TFree(requests)
after jxf_TFree(comm_handle)
after num_requests 
after jxf_TFree(requests)
after jxf_TFree(comm_handle)
Entering jxf_ParBSRCommHandleDestroy
after jxf_ParBSRCommHandleDestroy, comm_handle=0x63eca00
Checking comm_handle structure:
  comm_handle->num_requests = 6
  comm_handle->requests = 0x63ec9e0
After macro expansion: requests=0x63ec9e0, num_requests=6
Entering num_requests
after num_requests 
after jxf_TFree(requests)
after jxf_TFree(comm_handle)
vecR_norm_after = 1.316979
vecR_norm_after = 1.316979
vecR_norm_after = 1.316979
vecR_norm_after = 1.316979
    2    6.678411e-01    0.998608   9.970476e-01
vecR_norm_before = 0.000000
vecR_norm_before = 0.000000
vecR_norm_before = 0.000000
vecR_norm_before = 0.000000
Entering jxf_ParBSRCommHandleDestroy
after jxf_ParBSRCommHandleDestroy, comm_handle=0x51a4330
Checking comm_handle structure:
  comm_handle->num_requests = 4
  comm_handle->requests = 0x51a4310
After macro expansion: requests=0x51a4310, num_requests=4
Entering num_requests
Entering jxf_ParBSRCommHandleDestroyafter num_requests 
after jxf_TFree(requests)
after jxf_TFree(comm_handle)
Entering jxf_ParBSRCommHandleDestroy
after jxf_ParBSRCommHandleDestroy, comm_handle=0x63ecb20
Checking comm_handle structure:
  comm_handle->num_requests = 6
  comm_handle->requests = 0x63ecb00
After macro expansion: requests=0x63ecb00, num_requests=6
Entering num_requests
Entering jxf_ParBSRCommHandleDestroy
after jxf_ParBSRCommHandleDestroy, comm_handle=0x44293d0
Checking comm_handle structure:
  comm_handle->num_requests = 4
  comm_handle->requests = 0x44293b0
After macro expansion: requests=0x44293b0, num_requests=4
Entering num_requests
after num_requests 
after jxf_TFree(requests)
after jxf_TFree(comm_handle)
after num_requests 
after jxf_ParBSRCommHandleDestroy, comm_handle=0x52d4720
Checking comm_handle structure:
  comm_handle->num_requests = 6
  comm_handle->requests = 0x52d4700
After macro expansion: requests=0x52d4700, num_requests=6
Entering num_requests
after num_requests 
after jxf_TFree(requests)
after jxf_TFree(comm_handle)

after jxf_TFree(requests)
after jxf_TFree(comm_handle)
Entering jxf_ParBSRCommHandleDestroy
after jxf_ParBSRCommHandleDestroy, comm_handle=0x51a4330
Checking comm_handle structure:
  comm_handle->num_requests = 4
  comm_handle->requests = 0x51a4310
After macro expansion: requests=0x51a4310, num_requests=4
Entering num_requests
after num_requests 
after jxf_TFree(requests)
after jxf_TFree(comm_handle)
Entering jxf_ParBSRCommHandleDestroy
after jxf_ParBSRCommHandleDestroy, comm_handle=0x44293d0
Entering jxf_ParBSRCommHandleDestroy
after jxf_ParBSRCommHandleDestroy, comm_handle=0x52d4720
Checking comm_handle structure:
  comm_handle->num_requests = 6
  comm_handle->requests = 0x52d4700
Checking comm_handle structure:
  comm_handle->num_requests = 4
  comm_handle->requests = 0x44293b0
After macro expansion: requests=0x44293b0, num_requests=4
Entering num_requests
After macro expansion: requests=0x52d4700, num_requests=6
Entering num_requests
after num_requests 
after jxf_TFree(requests)after num_requests 
after jxf_TFree(requests)
after jxf_TFree(comm_handle)

after jxf_TFree(comm_handle)
Entering jxf_ParBSRCommHandleDestroy
after jxf_ParBSRCommHandleDestroy, comm_handle=0x63ecb20
Checking comm_handle structure:
  comm_handle->num_requests = 6
  comm_handle->requests = 0x63ecb00
After macro expansion: requests=0x63ecb00, num_requests=6
Entering num_requests
after num_requests 
after jxf_TFree(requests)
after jxf_TFree(comm_handle)
vecR_norm_after = 1.976787
vecR_norm_after = 1.976787
vecR_norm_after = 1.976787
vecR_norm_after = 1.976787
    3    6.669887e-01    0.998724   9.957750e-01
vecR_norm_before = 0.000000
vecR_norm_before = 0.000000
vecR_norm_before = 0.000000
vecR_norm_before = 0.000000
Entering jxf_ParBSRCommHandleDestroyEntering jxf_ParBSRCommHandleDestroy
after jxf_ParBSRCommHandleDestroy, comm_handle=0x52d4840
Checking comm_handle structure:
  comm_handle->num_requests = 6
  comm_handle->requests = 0x52d4820
After macro expansion: requests=0x52d4820, num_requests=6
Entering num_requests
after num_requests 
after jxf_TFree(requests)
after jxf_TFree(comm_handle)

Entering jxf_ParBSRCommHandleDestroy
after jxf_ParBSRCommHandleDestroy, comm_handle=0x63ecc40
Checking comm_handle structure:
  comm_handle->num_requests = 6
  comm_handle->requests = 0x63ecc20
After macro expansion: requests=0x63ecc20, num_requests=6
Entering num_requests
after num_requests 
after jxf_TFree(requests)
after jxf_TFree(comm_handle)
after jxf_ParBSRCommHandleDestroy, comm_handle=0x51a4450
Checking comm_handle structure:
  comm_handle->num_requests = 4
  comm_handle->requests = 0x51a4430
After macro expansion: requests=0x51a4430, num_requests=4
Entering num_requests
after num_requests 
after jxf_TFree(requests)
after jxf_TFree(comm_handle)Entering jxf_ParBSRCommHandleDestroy
after jxf_ParBSRCommHandleDestroy, comm_handle=0x44294f0
Checking comm_handle structure:
  comm_handle->num_requests = 4
  comm_handle->requests = 0x44294d0
After macro expansion: requests=0x44294d0, num_requests=4
Entering num_requests

after num_requests 
after jxf_TFree(requests)
after jxf_TFree(comm_handle)
Entering jxf_ParBSRCommHandleDestroy
after jxf_ParBSRCommHandleDestroy, comm_handle=0x52d4840
Checking comm_handle structure:
  comm_handle->num_requests = 6
  comm_handle->requests = 0x52d4820
After macro expansion: requests=0x52d4820, num_requests=6
Entering num_requests
Entering jxf_ParBSRCommHandleDestroy
after jxf_ParBSRCommHandleDestroy, comm_handle=0x51a4450
Checking comm_handle structure:
  comm_handle->num_requests = 4
  comm_handle->requests = 0x51a4430
After macro expansion: requests=0x51a4430, num_requests=4
Entering num_requests
Entering jxf_ParBSRCommHandleDestroy
after jxf_ParBSRCommHandleDestroy, comm_handle=0x44294f0
Checking comm_handle structure:
  comm_handle->num_requests = 4
  comm_handle->requests = 0x44294d0
After macro expansion: requests=0x44294d0, num_requests=4
Entering num_requests
after num_requests 
after jxf_TFree(requests)
after jxf_TFree(comm_handle)
after num_requests 
after jxf_TFree(requests)
after jxf_TFree(comm_handle)
after num_requests 
after jxf_TFree(requests)
after jxf_TFree(comm_handle)
Entering jxf_ParBSRCommHandleDestroy
after jxf_ParBSRCommHandleDestroy, comm_handle=0x63ecc40
Checking comm_handle structure:
  comm_handle->num_requests = 6
  comm_handle->requests = 0x63ecc20
After macro expansion: requests=0x63ecc20, num_requests=6
Entering num_requests
after num_requests 
after jxf_TFree(requests)
after jxf_TFree(comm_handle)
vecR_norm_after = 2.149912
vecR_norm_after = 2.149912
vecR_norm_after = 2.149912
vecR_norm_after = 2.149912
    4    6.659963e-01    0.998512   9.942933e-01
vecR_norm_before = 0.000000
vecR_norm_before = 0.000000
vecR_norm_before = 0.000000
vecR_norm_before = 0.000000
Entering jxf_ParBSRCommHandleDestroy
after jxf_ParBSRCommHandleDestroy, comm_handle=0x63ecd60
Checking comm_handle structure:
  comm_handle->num_requests = 6
  comm_handle->requests = 0x63ecd40
After macro expansion: requests=0x63ecd40, num_requests=6
Entering num_requests
Entering jxf_ParBSRCommHandleDestroy
after jxf_ParBSRCommHandleDestroy, comm_handle=0x4429610
Checking comm_handle structure:
  comm_handle->num_requests = 4
  comm_handle->requests = 0x44295f0
After macro expansion: requests=0x44295f0, num_requests=4
Entering num_requests
after num_requests 
after jxf_TFree(requests)
after jxf_TFree(comm_handle)
Entering jxf_ParBSRCommHandleDestroy
after jxf_ParBSRCommHandleDestroy, comm_handle=0x52d4960
Checking comm_handle structure:
  comm_handle->num_requests = 6
  comm_handle->requests = 0x52d4940
After macro expansion: requests=0x52d4940, num_requests=6
Entering num_requests
after num_requests 
after jxf_TFree(requests)
after jxf_TFree(comm_handle)
after num_requests 
after jxf_TFree(requests)
after jxf_TFree(comm_handle)
Entering jxf_ParBSRCommHandleDestroy
after jxf_ParBSRCommHandleDestroy, comm_handle=0x51a4570
Checking comm_handle structure:
  comm_handle->num_requests = 4
  comm_handle->requests = 0x51a4550
After macro expansion: requests=0x51a4550, num_requests=4
Entering num_requests
after num_requests 
after jxf_TFree(requests)
after jxf_TFree(comm_handle)
Entering jxf_ParBSRCommHandleDestroy
after jxf_ParBSRCommHandleDestroy, comm_handle=0x52d4960
Checking comm_handle structure:
  comm_handle->num_requests = 6
  comm_handle->requests = 0x52d4940
After macro expansion: requests=0x52d4940, num_requests=6
Entering num_requests
Entering jxf_ParBSRCommHandleDestroy
after jxf_ParBSRCommHandleDestroy, comm_handle=0x4429610
Checking comm_handle structure:
  comm_handle->num_requests = 4
  comm_handle->requests = 0x44295f0
After macro expansion: requests=0x44295f0, num_requests=4
Entering num_requests
after num_requests 
after jxf_TFree(requests)
after jxf_TFree(comm_handle)
Entering jxf_ParBSRCommHandleDestroy
after jxf_ParBSRCommHandleDestroy, comm_handle=0x63ecd60
Checking comm_handle structure:
  comm_handle->num_requests = 6
  comm_handle->requests = 0x63ecd40
After macro expansion: requests=0x63ecd40, num_requests=6
Entering num_requests
after num_requests 
after jxf_TFree(requests)
after jxf_TFree(comm_handle)
after num_requests 
after jxf_TFree(requests)
after jxf_TFree(comm_handle)
Entering jxf_ParBSRCommHandleDestroy
after jxf_ParBSRCommHandleDestroy, comm_handle=0x51a4570
Checking comm_handle structure:
  comm_handle->num_requests = 4
  comm_handle->requests = 0x51a4550
After macro expansion: requests=0x51a4550, num_requests=4
Entering num_requests
after num_requests 
after jxf_TFree(requests)
after jxf_TFree(comm_handle)
vecR_norm_after = 1.919354
vecR_norm_after = 1.919354
vecR_norm_after = 1.919354
vecR_norm_after = 1.919354
    5    6.651910e-01    0.998791   9.930911e-01
Entering jxf_ParBSRCommHandleDestroy
after jxf_ParBSRCommHandleDestroy, comm_handle=0x4429730
Checking comm_handle structure:
  comm_handle->num_requests = 4
  comm_handle->requests = 0x4429710
After macro expansion: requests=0x4429710, num_requests=4
Entering num_requests
Entering jxf_ParBSRCommHandleDestroy
after jxf_ParBSRCommHandleDestroy, comm_handle=0x52d4a80
Checking comm_handle structure:
  comm_handle->num_requests = 6
  comm_handle->requests = 0x52d4a60
After macro expansion: requests=0x52d4a60, num_requests=6
Entering num_requests
after num_requests 
after jxf_TFree(requests)
after jxf_TFree(comm_handle)
Entering jxf_ParBSRCommHandleDestroy
after jxf_ParBSRCommHandleDestroy, comm_handle=0x63ece80
Checking comm_handle structure:
  comm_handle->num_requests = 6
  comm_handle->requests = 0x63ece60
After macro expansion: requests=0x63ece60, num_requests=6
Entering num_requests
after num_requests 
after jxf_TFree(requests)
after jxf_TFree(comm_handle)
after num_requests 
after jxf_TFree(requests)
after jxf_TFree(comm_handle)
Entering jxf_ParBSRCommHandleDestroy
after jxf_ParBSRCommHandleDestroy, comm_handle=0x51a4690
Checking comm_handle structure:
  comm_handle->num_requests = 4
  comm_handle->requests = 0x51a4670
After macro expansion: requests=0x51a4670, num_requests=4
Entering num_requests
after num_requests 
after jxf_TFree(requests)
after jxf_TFree(comm_handle)
Entering jxf_ParBSRCommHandleDestroy
after jxf_ParBSRCommHandleDestroy, comm_handle=0x52d4a80
Checking comm_handle structure:
  comm_handle->num_requests = 6
  comm_handle->requests = 0x52d4a60
After macro expansion: requests=0x52d4a60, num_requests=6
Entering num_requests
Entering jxf_ParBSRCommHandleDestroy
after jxf_ParBSRCommHandleDestroy, comm_handle=0x4429730
Checking comm_handle structure:
  comm_handle->num_requests = 4
  comm_handle->requests = 0x4429710
After macro expansion: requests=0x4429710, num_requests=4
Entering num_requests
after num_requests 
after jxf_TFree(requests)
after jxf_TFree(comm_handle)
Entering jxf_ParBSRCommHandleDestroy
after jxf_ParBSRCommHandleDestroy, comm_handle=0x63ece80
Checking comm_handle structure:
  comm_handle->num_requests = 6
  comm_handle->requests = 0x63ece60
After macro expansion: requests=0x63ece60, num_requests=6
Entering num_requests
after num_requests 
after jxf_TFree(requests)
after jxf_TFree(comm_handle)
after num_requests 
after jxf_TFree(requests)
after jxf_TFree(comm_handle)
Entering jxf_ParBSRCommHandleDestroy
after jxf_ParBSRCommHandleDestroy, comm_handle=0x51a4690
Checking comm_handle structure:
  comm_handle->num_requests = 4
  comm_handle->requests = 0x51a4670
After macro expansion: requests=0x51a4670, num_requests=4
Entering num_requests
after num_requests 
after jxf_TFree(requests)
after jxf_TFree(comm_handle)
IR Iteration 10: Residual = 6.651991e-01 (rel = 7.354949e-02)
Initial L2 norm of residual: 6.651919e-01
=============================================

Iters     resid.norm     conv.rate  rel.res.norm(wrt.b_norm)
-----    ------------    ---------- ------------------------
vecR_norm_before = 0.000000
vecR_norm_before = 0.000000
vecR_norm_before = 0.000000
vecR_norm_before = 0.000000
Entering jxf_ParBSRCommHandleDestroyEntering jxf_ParBSRCommHandleDestroy
after jxf_ParBSRCommHandleDestroy, comm_handle=0x52d4ba0
Checking comm_handle structure:
  comm_handle->num_requests = 6
  comm_handle->requests = 0x52d4b80
After macro expansion: requests=0x52d4b80, num_requests=6
Entering num_requests
Entering jxf_ParBSRCommHandleDestroy
after jxf_ParBSRCommHandleDestroy, comm_handle=0x63ecfa0
Checking comm_handle structure:
  comm_handle->num_requests = 6
Entering jxf_ParBSRCommHandleDestroy
after jxf_ParBSRCommHandleDestroy, comm_handle=0x4429850
after num_requests 
after jxf_TFree(requests)
after jxf_TFree(comm_handle)
  comm_handle->requests = 0x63ecf80
After macro expansion: requests=0x63ecf80, num_requests=6
Entering num_requests
Checking comm_handle structure:
  comm_handle->num_requests = 4
  comm_handle->requests = 0x4429830
After macro expansion: requests=0x4429830, num_requests=4
Entering num_requests
after num_requests 
after jxf_TFree(requests)
after jxf_TFree(comm_handle)

after jxf_ParBSRCommHandleDestroy, comm_handle=0x2541e60
Checking comm_handle structure:
  comm_handle->num_requests = 4
  comm_handle->requests = 0x2541e40
after num_requests After macro expansion: requests=0x2541e40, num_requests=4
Entering num_requests

after num_requests 
after jxf_TFree(requests)
after jxf_TFree(comm_handle)
after jxf_TFree(requests)
after jxf_TFree(comm_handle)
Entering jxf_ParBSRCommHandleDestroy
after jxf_ParBSRCommHandleDestroy, comm_handle=0x52d4ba0
Checking comm_handle structure:
  comm_handle->num_requests = 6
  comm_handle->requests = 0x52d4b80
After macro expansion: requests=0x52d4b80, num_requests=6
Entering num_requests
Entering jxf_ParBSRCommHandleDestroy
after jxf_ParBSRCommHandleDestroy, comm_handle=0x4429850
Checking comm_handle structure:
  comm_handle->num_requests = 4
  comm_handle->requests = 0x4429830
After macro expansion: requests=0x4429830, num_requests=4
Entering num_requests
after num_requests 
after jxf_TFree(requests)
after jxf_TFree(comm_handle)
Entering jxf_ParBSRCommHandleDestroy
after jxf_ParBSRCommHandleDestroy, comm_handle=0x63ecfa0
Checking comm_handle structure:
  comm_handle->num_requests = 6
  comm_handle->requests = 0x63ecf80
After macro expansion: requests=0x63ecf80, num_requests=6
Entering num_requests
after num_requests 
after jxf_TFree(requests)
after jxf_TFree(comm_handle)
after num_requests 
after jxf_TFree(requests)
after jxf_TFree(comm_handle)
Entering jxf_ParBSRCommHandleDestroy
after jxf_ParBSRCommHandleDestroy, comm_handle=0x2541e60
Checking comm_handle structure:
  comm_handle->num_requests = 4
  comm_handle->requests = 0x2541e40
After macro expansion: requests=0x2541e40, num_requests=4
Entering num_requests
after num_requests 
after jxf_TFree(requests)
after jxf_TFree(comm_handle)
vecR_norm_after = 0.409455
vecR_norm_after = 0.409455
vecR_norm_after = 0.409455
vecR_norm_after = 0.409455
    1    6.646409e-01    0.999172   9.991717e-01
vecR_norm_before = 0.000000
vecR_norm_before = 0.000000
vecR_norm_before = 0.000000
vecR_norm_before = 0.000000
Entering jxf_ParBSRCommHandleDestroy
after jxf_ParBSRCommHandleDestroy, comm_handle=0x52d4cc0
Checking comm_handle structure:
  comm_handle->num_requests = 6
  comm_handle->requests = 0x52d4ca0
After macro expansion: requests=0x52d4ca0, num_requests=6
Entering num_requests
Entering jxf_ParBSRCommHandleDestroy
after jxf_ParBSRCommHandleDestroy, comm_handle=0x2541f80
Checking comm_handle structure:
  comm_handle->num_requests = 4
  comm_handle->requests = 0x2541f60
After macro expansion: requests=0x2541f60, num_requests=4
Entering num_requests
Entering jxf_ParBSRCommHandleDestroy
after jxf_ParBSRCommHandleDestroy, comm_handle=0x4429970
Checking comm_handle structure:
  comm_handle->num_requests = 4
  comm_handle->requests = 0x4429950
After macro expansion: requests=0x4429950, num_requests=4
Entering num_requests
after num_requests 
after jxf_TFree(requests)
after jxf_TFree(comm_handle)
after num_requests 
after jxf_TFree(requests)
after jxf_TFree(comm_handle)
after num_requests 
after jxf_TFree(requests)
after jxf_TFree(comm_handle)
Entering jxf_ParBSRCommHandleDestroy
after jxf_ParBSRCommHandleDestroy, comm_handle=0x63ed0c0
Checking comm_handle structure:
  comm_handle->num_requests = 6
  comm_handle->requests = 0x63ed0a0
After macro expansion: requests=0x63ed0a0, num_requests=6
Entering num_requests
after num_requests 
after jxf_TFree(requests)
after jxf_TFree(comm_handle)
Entering jxf_ParBSRCommHandleDestroy
after jxf_ParBSRCommHandleDestroy, comm_handle=0x4429970
Checking comm_handle structure:
  comm_handle->num_requests = 4
  comm_handle->requests = 0x4429950
After macro expansion: requests=0x4429950, num_requests=4
Entering num_requests
Entering jxf_ParBSRCommHandleDestroy
after jxf_ParBSRCommHandleDestroy, comm_handle=0x2541f80
Checking comm_handle structure:
  comm_handle->num_requests = 4
  comm_handle->requests = 0x2541f60
After macro expansion: requests=0x2541f60, num_requests=4
Entering num_requests
Entering jxf_ParBSRCommHandleDestroy
after jxf_ParBSRCommHandleDestroy, comm_handle=0x63ed0c0
Checking comm_handle structure:
  comm_handle->num_requests = 6
  comm_handle->requests = 0x63ed0a0
After macro expansion: requests=0x63ed0a0, num_requests=6
Entering num_requests
after num_requests 
after jxf_TFree(requests)
after jxf_TFree(comm_handle)
after num_requests 
after jxf_TFree(requests)
after jxf_TFree(comm_handle)
after num_requests 
after jxf_TFree(requests)
after jxf_TFree(comm_handle)
Entering jxf_ParBSRCommHandleDestroy
after jxf_ParBSRCommHandleDestroy, comm_handle=0x52d4cc0
Checking comm_handle structure:
  comm_handle->num_requests = 6
  comm_handle->requests = 0x52d4ca0
After macro expansion: requests=0x52d4ca0, num_requests=6
Entering num_requests
after num_requests 
after jxf_TFree(requests)
after jxf_TFree(comm_handle)
vecR_norm_after = 1.554979
vecR_norm_after = 1.554979
vecR_norm_after = 1.554979
vecR_norm_after = 1.554979
    2    6.641460e-01    0.999255   9.984277e-01
vecR_norm_before = 0.000000
vecR_norm_before = 0.000000
vecR_norm_before = 0.000000
vecR_norm_before = 0.000000
Entering jxf_ParBSRCommHandleDestroyEntering jxf_ParBSRCommHandleDestroy
after jxf_ParBSRCommHandleDestroy, comm_handle=0x555d000
Checking comm_handle structure:
  comm_handle->num_requests = 4
  comm_handle->requests = 0x555cfe0
After macro expansion: requests=0x555cfe0, num_requests=4
Entering num_requests

after num_requests 
after jxf_TFree(requests)
Entering jxf_ParBSRCommHandleDestroy
after jxf_TFree(comm_handle)
Entering jxf_ParBSRCommHandleDestroy
after jxf_ParBSRCommHandleDestroy, comm_handle=0x63ed1e0
Checking comm_handle structure:
  comm_handle->num_requests = 6
  comm_handle->requests = 0x63ed1c0
After macro expansion: requests=0x63ed1c0, num_requests=6
Entering num_requests
after jxf_ParBSRCommHandleDestroy, comm_handle=0x4429a90
Checking comm_handle structure:
  comm_handle->num_requests = 4
  comm_handle->requests = 0x4429a70
After macro expansion: requests=0x4429a70, num_requests=4
Entering num_requests
after num_requests 
after jxf_TFree(requests)
after jxf_TFree(comm_handle)
after jxf_ParBSRCommHandleDestroy, comm_handle=0x52d4de0
after num_requests 
after jxf_TFree(requests)
after jxf_TFree(comm_handle)
Checking comm_handle structure:
  comm_handle->num_requests = 6
  comm_handle->requests = 0x52d4dc0
After macro expansion: requests=0x52d4dc0, num_requests=6
Entering num_requests
after num_requests 
after jxf_TFree(requests)
after jxf_TFree(comm_handle)
Entering jxf_ParBSRCommHandleDestroy
after jxf_ParBSRCommHandleDestroy, comm_handle=0x52d4de0
Checking comm_handle structure:
  comm_handle->num_requests = 6
  comm_handle->requests = 0x52d4dc0
After macro expansion: requests=0x52d4dc0, num_requests=6
Entering num_requests
Entering jxf_ParBSRCommHandleDestroy
after jxf_ParBSRCommHandleDestroy, comm_handle=0x63ed1e0
Checking comm_handle structure:
  comm_handle->num_requests = 6
  comm_handle->requests = 0x63ed1c0
After macro expansion: requests=0x63ed1c0, num_requests=6
Entering num_requests
Entering jxf_ParBSRCommHandleDestroy
after jxf_ParBSRCommHandleDestroy, comm_handle=0x555d000
Checking comm_handle structure:
  comm_handle->num_requests = 4
  comm_handle->requests = 0x555cfe0
After macro expansion: requests=0x555cfe0, num_requests=4
Entering num_requests
after num_requests 
after jxf_TFree(requests)
after jxf_TFree(comm_handle)
after num_requests 
after jxf_TFree(requests)
after jxf_TFree(comm_handle)
after num_requests 
after jxf_TFree(requests)
after jxf_TFree(comm_handle)
Entering jxf_ParBSRCommHandleDestroy
after jxf_ParBSRCommHandleDestroy, comm_handle=0x4429a90
Checking comm_handle structure:
  comm_handle->num_requests = 4
  comm_handle->requests = 0x4429a70
After macro expansion: requests=0x4429a70, num_requests=4
Entering num_requests
after num_requests 
after jxf_TFree(requests)
after jxf_TFree(comm_handle)
vecR_norm_after = 1.632889
vecR_norm_after = 1.632889
vecR_norm_after = 1.632889
vecR_norm_after = 1.632889
    3    6.636472e-01    0.999249   9.976778e-01
vecR_norm_before = 0.000000
vecR_norm_before = 0.000000
vecR_norm_before = 0.000000
vecR_norm_before = 0.000000
Entering jxf_ParBSRCommHandleDestroyEntering jxf_ParBSRCommHandleDestroy
after jxf_ParBSRCommHandleDestroy, comm_handle=0x63ed300
Checking comm_handle structure:Entering jxf_ParBSRCommHandleDestroy
after jxf_ParBSRCommHandleDestroy, comm_handle=0x52d4f00
Checking comm_handle structure:
  comm_handle->num_requests = 6
  comm_handle->requests = 0x52d4ee0
After macro expansion: requests=0x52d4ee0, num_requests=6
Entering num_requests

  comm_handle->num_requests = 6
  comm_handle->requests = 0x63ed2e0
After macro expansion: requests=0x63ed2e0, num_requests=6
Entering num_requests
after num_requests 
after jxf_TFree(requests)
after jxf_TFree(comm_handle)
Entering jxf_ParBSRCommHandleDestroy
after jxf_ParBSRCommHandleDestroy, comm_handle=0x51e7b90
Checking comm_handle structure:
after num_requests 
after jxf_TFree(requests)
after jxf_TFree(comm_handle)
  comm_handle->num_requests = 4
  comm_handle->requests = 0x51e7b70
After macro expansion: requests=0x51e7b70, num_requests=4
Entering num_requests
after num_requests 
after jxf_TFree(requests)
after jxf_TFree(comm_handle)

after jxf_ParBSRCommHandleDestroy, comm_handle=0x555d120
Checking comm_handle structure:
  comm_handle->num_requests = 4
  comm_handle->requests = 0x555d100
After macro expansion: requests=0x555d100, num_requests=4
Entering num_requests
after num_requests 
after jxf_TFree(requests)
after jxf_TFree(comm_handle)
Entering jxf_ParBSRCommHandleDestroy
after jxf_ParBSRCommHandleDestroy, comm_handle=0x51e7b90
Checking comm_handle structure:
  comm_handle->num_requests = 4
  comm_handle->requests = 0x51e7b70
After macro expansion: requests=0x51e7b70, num_requests=4
Entering num_requests
Entering jxf_ParBSRCommHandleDestroy
after jxf_ParBSRCommHandleDestroy, comm_handle=0x63ed300
Checking comm_handle structure:
  comm_handle->num_requests = 6
  comm_handle->requests = 0x63ed2e0
After macro expansion: requests=0x63ed2e0, num_requests=6
Entering num_requests
after num_requests 
after jxf_TFree(requests)
after jxf_TFree(comm_handle)
after num_requests 
after jxf_TFree(requests)
after jxf_TFree(comm_handle)
Entering jxf_ParBSRCommHandleDestroy
after jxf_ParBSRCommHandleDestroy, comm_handle=0x555d120
Checking comm_handle structure:
  comm_handle->num_requests = 4
  comm_handle->requests = 0x555d100
After macro expansion: requests=0x555d100, num_requests=4
Entering num_requests
after num_requests 
after jxf_TFree(requests)
after jxf_TFree(comm_handle)
Entering jxf_ParBSRCommHandleDestroy
after jxf_ParBSRCommHandleDestroy, comm_handle=0x52d4f00
Checking comm_handle structure:
  comm_handle->num_requests = 6
  comm_handle->requests = 0x52d4ee0
After macro expansion: requests=0x52d4ee0, num_requests=6
Entering num_requests
after num_requests 
after jxf_TFree(requests)
after jxf_TFree(comm_handle)
vecR_norm_after = 1.532056
vecR_norm_after = 1.532056
vecR_norm_after = 1.532056
vecR_norm_after = 1.532056
    4    6.633079e-01    0.999489   9.971678e-01
vecR_norm_before = 0.000000
vecR_norm_before = 0.000000
vecR_norm_before = 0.000000
vecR_norm_before = 0.000000
Entering jxf_ParBSRCommHandleDestroy
after jxf_ParBSRCommHandleDestroy, comm_handle=0x51e7cb0
Checking comm_handle structure:
  comm_handle->num_requests = 4
  comm_handle->requests = 0x51e7c90
After macro expansion: requests=0x51e7c90, num_requests=4
Entering num_requests
Entering jxf_ParBSRCommHandleDestroy
after jxf_ParBSRCommHandleDestroy, comm_handle=0x52d5020
Checking comm_handle structure:
  comm_handle->num_requests = 6
  comm_handle->requests = 0x52d5000
After macro expansion: requests=0x52d5000, num_requests=6
Entering num_requests
after num_requests 
after jxf_TFree(requests)
after jxf_TFree(comm_handle)
Entering jxf_ParBSRCommHandleDestroy
after jxf_ParBSRCommHandleDestroy, comm_handle=0x63ed420
Checking comm_handle structure:
  comm_handle->num_requests = 6
  comm_handle->requests = 0x63ed400
After macro expansion: requests=0x63ed400, num_requests=6
Entering num_requests
after num_requests 
after jxf_TFree(requests)
after jxf_TFree(comm_handle)
after num_requests 
after jxf_TFree(requests)
after jxf_TFree(comm_handle)
Entering jxf_ParBSRCommHandleDestroy
after jxf_ParBSRCommHandleDestroy, comm_handle=0x555d240
Checking comm_handle structure:
  comm_handle->num_requests = 4
  comm_handle->requests = 0x555d220
After macro expansion: requests=0x555d220, num_requests=4
Entering num_requests
after num_requests 
after jxf_TFree(requests)
after jxf_TFree(comm_handle)
Entering jxf_ParBSRCommHandleDestroy
after jxf_ParBSRCommHandleDestroy, comm_handle=0x52d5020
Checking comm_handle structure:
  comm_handle->num_requests = 6
  comm_handle->requests = 0x52d5000
After macro expansion: requests=0x52d5000, num_requests=6
Entering num_requests
Entering jxf_ParBSRCommHandleDestroy
after jxf_ParBSRCommHandleDestroy, comm_handle=0x51e7cb0
Checking comm_handle structure:
  comm_handle->num_requests = 4
  comm_handle->requests = 0x51e7c90
After macro expansion: requests=0x51e7c90, num_requests=4
Entering num_requests
Entering jxf_ParBSRCommHandleDestroy
after jxf_ParBSRCommHandleDestroy, comm_handle=0x555d240
Checking comm_handle structure:
  comm_handle->num_requests = 4
  comm_handle->requests = 0x555d220
After macro expansion: requests=0x555d220, num_requests=4
Entering num_requests
after num_requests 
after jxf_TFree(requests)
after jxf_TFree(comm_handle)
after num_requests 
after jxf_TFree(requests)
after jxf_TFree(comm_handle)
after num_requests 
after jxf_TFree(requests)
after jxf_TFree(comm_handle)
Entering jxf_ParBSRCommHandleDestroy
after jxf_ParBSRCommHandleDestroy, comm_handle=0x63ed420
Checking comm_handle structure:
  comm_handle->num_requests = 6
  comm_handle->requests = 0x63ed400
After macro expansion: requests=0x63ed400, num_requests=6
Entering num_requests
after num_requests 
after jxf_TFree(requests)
after jxf_TFree(comm_handle)
vecR_norm_after = 0.553608
vecR_norm_after = 0.553608
vecR_norm_after = 0.553608
vecR_norm_after = 0.553608
    5    6.629514e-01    0.999462   9.966317e-01
Entering jxf_ParBSRCommHandleDestroyEntering jxf_ParBSRCommHandleDestroy
after jxf_ParBSRCommHandleDestroy, comm_handle=0x52d5140
Checking comm_handle structure:
  comm_handle->num_requests = 6
  comm_handle->requests = 0x52d5120
After macro expansion: requests=0x52d5120, num_requests=6
Entering num_requests
Entering jxf_ParBSRCommHandleDestroy
after jxf_ParBSRCommHandleDestroy, comm_handle=0x63ed540
Checking comm_handle structure:
  comm_handle->num_requests = 6
  comm_handle->requests = 0x63ed520
After macro expansion: requests=0x63ed520, num_requests=6
Entering num_requests
Entering jxf_ParBSRCommHandleDestroy
after jxf_ParBSRCommHandleDestroy, comm_handle=0x51e7dd0
Checking comm_handle structure:
  comm_handle->num_requests = 4
  comm_handle->requests = 0x51e7db0
after num_requests 
after jxf_TFree(requests)
after jxf_TFree(comm_handle)
after num_requests 
after jxf_TFree(requests)
after jxf_TFree(comm_handle)
After macro expansion: requests=0x51e7db0, num_requests=4
Entering num_requests
after num_requests 
after jxf_TFree(requests)
after jxf_TFree(comm_handle)

after jxf_ParBSRCommHandleDestroy, comm_handle=0x555d360
Checking comm_handle structure:
  comm_handle->num_requests = 4
  comm_handle->requests = 0x555d340
After macro expansion: requests=0x555d340, num_requests=4
Entering num_requests
after num_requests 
after jxf_TFree(requests)
after jxf_TFree(comm_handle)
Entering jxf_ParBSRCommHandleDestroy
after jxf_ParBSRCommHandleDestroy, comm_handle=0x52d5140
Checking comm_handle structure:
  comm_handle->num_requests = 6
  comm_handle->requests = 0x52d5120
After macro expansion: requests=0x52d5120, num_requests=6
Entering num_requests
Entering jxf_ParBSRCommHandleDestroy
after jxf_ParBSRCommHandleDestroy, comm_handle=0x63ed540
Checking comm_handle structure:
  comm_handle->num_requests = 6
  comm_handle->requests = 0x63ed520
After macro expansion: requests=0x63ed520, num_requests=6
Entering num_requests
Entering jxf_ParBSRCommHandleDestroy
after jxf_ParBSRCommHandleDestroy, comm_handle=0x555d360
Checking comm_handle structure:
  comm_handle->num_requests = 4
  comm_handle->requests = 0x555d340
After macro expansion: requests=0x555d340, num_requests=4
Entering num_requests
after num_requests 
after jxf_TFree(requests)
after jxf_TFree(comm_handle)
after num_requests 
after jxf_TFree(requests)
after jxf_TFree(comm_handle)
after num_requests 
after jxf_TFree(requests)
after jxf_TFree(comm_handle)
Entering jxf_ParBSRCommHandleDestroy
after jxf_ParBSRCommHandleDestroy, comm_handle=0x51e7dd0
Checking comm_handle structure:
  comm_handle->num_requests = 4
  comm_handle->requests = 0x51e7db0
After macro expansion: requests=0x51e7db0, num_requests=4
Entering num_requests
after num_requests 
after jxf_TFree(requests)
after jxf_TFree(comm_handle)
IR Iteration 11: Residual = 6.629587e-01 (rel = 7.330178e-02)
Initial L2 norm of residual: 6.629518e-01
=============================================

Iters     resid.norm     conv.rate  rel.res.norm(wrt.b_norm)
-----    ------------    ---------- ------------------------
vecR_norm_before = 0.000000
vecR_norm_before = 0.000000
vecR_norm_before = 0.000000
vecR_norm_before = 0.000000
Entering jxf_ParBSRCommHandleDestroyEntering jxf_ParBSRCommHandleDestroy
after jxf_ParBSRCommHandleDestroy, comm_handle=0x52d5260
Checking comm_handle structure:
  comm_handle->num_requests = 6
  comm_handle->requests = 0x52d5240
After macro expansion: requests=0x52d5240, num_requests=6
Entering num_requests
Entering jxf_ParBSRCommHandleDestroy
after jxf_ParBSRCommHandleDestroy, comm_handle=0x63ed660
Checking comm_handle structure:
  comm_handle->num_requests = 6
  comm_handle->requests = 0x63ed640
After macro expansion: requests=0x63ed640, num_requests=6
after num_requests 
after jxf_TFree(requests)
after jxf_TFree(comm_handle)
Entering num_requests
after num_requests 
after jxf_TFree(requests)Entering jxf_ParBSRCommHandleDestroy
after jxf_ParBSRCommHandleDestroy, comm_handle=0x51e7ef0
Checking comm_handle structure:
  comm_handle->num_requests = 4
  comm_handle->requests = 0x51e7ed0
After macro expansion: requests=0x51e7ed0, num_requests=4
Entering num_requests
after num_requests 
after jxf_TFree(requests)
after jxf_TFree(comm_handle)

after jxf_TFree(comm_handle)

after jxf_ParBSRCommHandleDestroy, comm_handle=0x555d490
Checking comm_handle structure:
  comm_handle->num_requests = 4
  comm_handle->requests = 0x555d470
After macro expansion: requests=0x555d470, num_requests=4
Entering num_requests
after num_requests 
after jxf_TFree(requests)
after jxf_TFree(comm_handle)
Entering jxf_ParBSRCommHandleDestroy
after jxf_ParBSRCommHandleDestroy, comm_handle=0x52d5260
Checking comm_handle structure:
  comm_handle->num_requests = 6
  comm_handle->requests = 0x52d5240
After macro expansion: requests=0x52d5240, num_requests=6
Entering num_requests
Entering jxf_ParBSRCommHandleDestroy
after jxf_ParBSRCommHandleDestroy, comm_handle=0x63ed660
Checking comm_handle structure:
  comm_handle->num_requests = 6
  comm_handle->requests = 0x63ed640
After macro expansion: requests=0x63ed640, num_requests=6
Entering num_requests
after num_requests 
after jxf_TFree(requests)
after jxf_TFree(comm_handle)
after num_requests 
after jxf_TFree(requests)
after jxf_TFree(comm_handle)
Entering jxf_ParBSRCommHandleDestroy
after jxf_ParBSRCommHandleDestroy, comm_handle=0x51e7ef0
Checking comm_handle structure:
  comm_handle->num_requests = 4
  comm_handle->requests = 0x51e7ed0
After macro expansion: requests=0x51e7ed0, num_requests=4
Entering num_requests
after num_requests 
after jxf_TFree(requests)
after jxf_TFree(comm_handle)
Entering jxf_ParBSRCommHandleDestroy
after jxf_ParBSRCommHandleDestroy, comm_handle=0x555d490
Checking comm_handle structure:
  comm_handle->num_requests = 4
  comm_handle->requests = 0x555d470
After macro expansion: requests=0x555d470, num_requests=4
Entering num_requests
after num_requests 
after jxf_TFree(requests)
after jxf_TFree(comm_handle)
vecR_norm_after = 0.212548
vecR_norm_after = 0.212548
vecR_norm_after = 0.212548
vecR_norm_after = 0.212548
    1    6.626928e-01    0.999609   9.996094e-01
vecR_norm_before = 0.000000
vecR_norm_before = 0.000000
vecR_norm_before = 0.000000
vecR_norm_before = 0.000000
Entering jxf_ParBSRCommHandleDestroy
after jxf_ParBSRCommHandleDestroy, comm_handle=0x52d5380
Checking comm_handle structure:
  comm_handle->num_requests = 6
  comm_handle->requests = 0x52d5360
After macro expansion: requests=0x52d5360, num_requests=6
Entering num_requests
Entering jxf_ParBSRCommHandleDestroy
after jxf_ParBSRCommHandleDestroy, comm_handle=0x63ed780
Checking comm_handle structure:
  comm_handle->num_requests = 6
  comm_handle->requests = 0x63ed760
After macro expansion: requests=0x63ed760, num_requests=6
Entering num_requests
Entering jxf_ParBSRCommHandleDestroy
after jxf_ParBSRCommHandleDestroy, comm_handle=0x51e8010
Checking comm_handle structure:
  comm_handle->num_requests = 4
  comm_handle->requests = 0x51e7ff0
After macro expansion: requests=0x51e7ff0, num_requests=4
Entering num_requests
after num_requests 
after jxf_TFree(requests)
after jxf_TFree(comm_handle)
after num_requests 
after jxf_TFree(requests)
after jxf_TFree(comm_handle)
after num_requests 
after jxf_TFree(requests)
after jxf_TFree(comm_handle)
Entering jxf_ParBSRCommHandleDestroy
after jxf_ParBSRCommHandleDestroy, comm_handle=0x555d5b0
Checking comm_handle structure:
  comm_handle->num_requests = 4
  comm_handle->requests = 0x555d590
After macro expansion: requests=0x555d590, num_requests=4
Entering num_requests
after num_requests 
after jxf_TFree(requests)
after jxf_TFree(comm_handle)
Entering jxf_ParBSRCommHandleDestroy
after jxf_ParBSRCommHandleDestroy, comm_handle=0x51e8010
Checking comm_handle structure:
  comm_handle->num_requests = 4
  comm_handle->requests = 0x51e7ff0
After macro expansion: requests=0x51e7ff0, num_requests=4
Entering num_requests
Entering jxf_ParBSRCommHandleDestroy
after jxf_ParBSRCommHandleDestroy, comm_handle=0x52d5380
Checking comm_handle structure:
  comm_handle->num_requests = 6
  comm_handle->requests = 0x52d5360
After macro expansion: requests=0x52d5360, num_requests=6
Entering num_requests
after num_requests 
after jxf_TFree(requests)
after jxf_TFree(comm_handle)
Entering jxf_ParBSRCommHandleDestroy
after jxf_ParBSRCommHandleDestroy, comm_handle=0x63ed780
Checking comm_handle structure:
  comm_handle->num_requests = 6
  comm_handle->requests = 0x63ed760
After macro expansion: requests=0x63ed760, num_requests=6
Entering num_requests
after num_requests 
after jxf_TFree(requests)
after jxf_TFree(comm_handle)
after num_requests 
after jxf_TFree(requests)
after jxf_TFree(comm_handle)
Entering jxf_ParBSRCommHandleDestroy
after jxf_ParBSRCommHandleDestroy, comm_handle=0x555d5b0
Checking comm_handle structure:
  comm_handle->num_requests = 4
  comm_handle->requests = 0x555d590
After macro expansion: requests=0x555d590, num_requests=4
Entering num_requests
after num_requests 
after jxf_TFree(requests)
after jxf_TFree(comm_handle)
vecR_norm_after = 0.805774
vecR_norm_after = 0.805774
vecR_norm_after = 0.805774
vecR_norm_after = 0.805774
    2    6.624452e-01    0.999626   9.992359e-01
vecR_norm_before = 0.000000
vecR_norm_before = 0.000000
vecR_norm_before = 0.000000
vecR_norm_before = 0.000000
Entering jxf_ParBSRCommHandleDestroyEntering jxf_ParBSRCommHandleDestroy
after jxf_ParBSRCommHandleDestroy, comm_handle=0x51e8130
Checking comm_handle structure:
  comm_handle->num_requests = 4
  comm_handle->requests = 0x51e8110
After macro expansion: requests=0x51e8110, num_requests=4
Entering num_requests

after jxf_ParBSRCommHandleDestroy, comm_handle=0x63ed8a0
Checking comm_handle structure:
  comm_handle->num_requests = 6
  comm_handle->requests = 0x63ed880
After macro expansion: requests=0x63ed880, num_requests=6
Entering num_requests
after num_requests 
after jxf_TFree(requests)
after jxf_TFree(comm_handle)
Entering jxf_ParBSRCommHandleDestroy
after jxf_ParBSRCommHandleDestroy, comm_handle=0x52d54a0
Checking comm_handle structure:
  comm_handle->num_requests = 6
  comm_handle->requests = 0x52d5480
After macro expansion: requests=0x52d5480, num_requests=6
Entering num_requests
after num_requests after num_requests 
after jxf_TFree(requests)
after jxf_TFree(comm_handle)

after jxf_TFree(requests)
after jxf_TFree(comm_handle)
Entering jxf_ParBSRCommHandleDestroy
after jxf_ParBSRCommHandleDestroy, comm_handle=0x555d6d0
Checking comm_handle structure:
  comm_handle->num_requests = 4
  comm_handle->requests = 0x555d6b0
After macro expansion: requests=0x555d6b0, num_requests=4
Entering num_requests
after num_requests 
after jxf_TFree(requests)
after jxf_TFree(comm_handle)
Entering jxf_ParBSRCommHandleDestroy
after jxf_ParBSRCommHandleDestroy, comm_handle=0x52d54a0
Checking comm_handle structure:
  comm_handle->num_requests = 6
  comm_handle->requests = 0x52d5480
After macro expansion: requests=0x52d5480, num_requests=6
Entering num_requests
Entering jxf_ParBSRCommHandleDestroy
after jxf_ParBSRCommHandleDestroy, comm_handle=0x63ed8a0
Checking comm_handle structure:
  comm_handle->num_requests = 6
  comm_handle->requests = 0x63ed880
After macro expansion: requests=0x63ed880, num_requests=6
Entering num_requests
Entering jxf_ParBSRCommHandleDestroy
after jxf_ParBSRCommHandleDestroy, comm_handle=0x51e8130
Checking comm_handle structure:
  comm_handle->num_requests = 4
  comm_handle->requests = 0x51e8110
After macro expansion: requests=0x51e8110, num_requests=4
Entering num_requests
after num_requests 
after jxf_TFree(requests)
after jxf_TFree(comm_handle)
after num_requests 
after jxf_TFree(requests)
after jxf_TFree(comm_handle)
after num_requests 
after jxf_TFree(requests)
after jxf_TFree(comm_handle)
Entering jxf_ParBSRCommHandleDestroy
after jxf_ParBSRCommHandleDestroy, comm_handle=0x555d6d0
Checking comm_handle structure:
  comm_handle->num_requests = 4
  comm_handle->requests = 0x555d6b0
After macro expansion: requests=0x555d6b0, num_requests=4
Entering num_requests
after num_requests 
after jxf_TFree(requests)
after jxf_TFree(comm_handle)
vecR_norm_after = 0.864633
vecR_norm_after = 0.864633
vecR_norm_after = 0.864633
vecR_norm_after = 0.864633
    3    6.622002e-01    0.999630   9.988664e-01
vecR_norm_before = 0.000000
vecR_norm_before = 0.000000
vecR_norm_before = 0.000000
vecR_norm_before = 0.000000
Entering jxf_ParBSRCommHandleDestroy
Entering jxf_ParBSRCommHandleDestroy
after jxf_ParBSRCommHandleDestroy, comm_handle=0x51e8250
Checking comm_handle structure:
  comm_handle->num_requests = 4
  comm_handle->requests = 0x51e8230
After macro expansion: requests=0x51e8230, num_requests=4
Entering num_requests
after jxf_ParBSRCommHandleDestroy, comm_handle=0x555d7f0
Checking comm_handle structure:
after num_requests 
after jxf_TFree(requests)
after jxf_TFree(comm_handle)
  comm_handle->num_requests = 4
  comm_handle->requests = 0x555d7d0
After macro expansion: requests=0x555d7d0, num_requests=4
Entering num_requests
after num_requests 
after jxf_TFree(requests)
after jxf_TFree(comm_handle)
Entering jxf_ParBSRCommHandleDestroy
after jxf_ParBSRCommHandleDestroy, comm_handle=0x52d55c0
Checking comm_handle structure:
  comm_handle->num_requests = 6
  comm_handle->requests = 0x52d55a0
After macro expansion: requests=0x52d55a0, num_requests=6
Entering num_requests
after num_requests 
after jxf_TFree(requests)
after jxf_TFree(comm_handle)
Entering jxf_ParBSRCommHandleDestroy
after jxf_ParBSRCommHandleDestroy, comm_handle=0x63ed9c0
Checking comm_handle structure:
  comm_handle->num_requests = 6
  comm_handle->requests = 0x63ed9a0
After macro expansion: requests=0x63ed9a0, num_requests=6
Entering num_requests
after num_requests 
after jxf_TFree(requests)
after jxf_TFree(comm_handle)
Entering jxf_ParBSRCommHandleDestroy
after jxf_ParBSRCommHandleDestroy, comm_handle=0x51e8250
Checking comm_handle structure:
  comm_handle->num_requests = 4
  comm_handle->requests = 0x51e8230
After macro expansion: requests=0x51e8230, num_requests=4
Entering num_requests
Entering jxf_ParBSRCommHandleDestroy
after jxf_ParBSRCommHandleDestroy, comm_handle=0x52d55c0
Checking comm_handle structure:
  comm_handle->num_requests = 6
  comm_handle->requests = 0x52d55a0
After macro expansion: requests=0x52d55a0, num_requests=6
Entering num_requests
after num_requests 
after jxf_TFree(requests)
after jxf_TFree(comm_handle)
after num_requests 
after jxf_TFree(requests)
after jxf_TFree(comm_handle)
Entering jxf_ParBSRCommHandleDestroy
after jxf_ParBSRCommHandleDestroy, comm_handle=0x555d7f0
Checking comm_handle structure:
  comm_handle->num_requests = 4
  comm_handle->requests = 0x555d7d0
After macro expansion: requests=0x555d7d0, num_requests=4
Entering num_requests
after num_requests 
after jxf_TFree(requests)
after jxf_TFree(comm_handle)
Entering jxf_ParBSRCommHandleDestroy
after jxf_ParBSRCommHandleDestroy, comm_handle=0x63ed9c0
Checking comm_handle structure:
  comm_handle->num_requests = 6
  comm_handle->requests = 0x63ed9a0
After macro expansion: requests=0x63ed9a0, num_requests=6
Entering num_requests
after num_requests 
after jxf_TFree(requests)
after jxf_TFree(comm_handle)
vecR_norm_after = 0.684754
vecR_norm_after = 0.684754
vecR_norm_after = 0.684754
vecR_norm_after = 0.684754
    4    6.620061e-01    0.999707   9.985736e-01
vecR_norm_before = 0.000000
vecR_norm_before = 0.000000
vecR_norm_before = 0.000000
vecR_norm_before = 0.000000
Entering jxf_ParBSRCommHandleDestroyEntering jxf_ParBSRCommHandleDestroy
after jxf_ParBSRCommHandleDestroy, comm_handle=0x555d910
Checking comm_handle structure:
  comm_handle->num_requests = 4
  comm_handle->requests = 0x555d8f0
After macro expansion: requests=0x555d8f0, num_requests=4
Entering num_requests
after num_requests Entering jxf_ParBSRCommHandleDestroy
after jxf_ParBSRCommHandleDestroy, comm_handle=0x63edae0
Checking comm_handle structure:
  comm_handle->num_requests = 6
  comm_handle->requests = 0x63edac0
After macro expansion: requests=0x63edac0, num_requests=6
Entering num_requests
Entering jxf_ParBSRCommHandleDestroy
after jxf_ParBSRCommHandleDestroy, comm_handle=0x51e8370
Checking comm_handle structure:
  comm_handle->num_requests = 4
  comm_handle->requests = 0x51e8350
After macro expansion: requests=0x51e8350, num_requests=4
Entering num_requests
after num_requests 
after jxf_TFree(requests)
after jxf_TFree(comm_handle)

after jxf_TFree(requests)
after jxf_TFree(comm_handle)

after jxf_ParBSRCommHandleDestroy, comm_handle=0x52d56e0
Checking comm_handle structure:
  comm_handle->num_requests = 6
  comm_handle->requests = 0x52d56c0
After macro expansion: requests=0x52d56c0, num_requests=6
Entering num_requests
after num_requests 
after jxf_TFree(requests)
after jxf_TFree(comm_handle)
after num_requests 
after jxf_TFree(requests)
after jxf_TFree(comm_handle)
Entering jxf_ParBSRCommHandleDestroy
after jxf_ParBSRCommHandleDestroy, comm_handle=0x51e8370
Checking comm_handle structure:
  comm_handle->num_requests = 4
  comm_handle->requests = 0x51e8350
After macro expansion: requests=0x51e8350, num_requests=4
Entering num_requests
Entering jxf_ParBSRCommHandleDestroy
after jxf_ParBSRCommHandleDestroy, comm_handle=0x555d910
Checking comm_handle structure:
  comm_handle->num_requests = 4
  comm_handle->requests = 0x555d8f0
After macro expansion: requests=0x555d8f0, num_requests=4
Entering num_requests
after num_requests 
after jxf_TFree(requests)
after jxf_TFree(comm_handle)
after num_requests 
after jxf_TFree(requests)
after jxf_TFree(comm_handle)
Entering jxf_ParBSRCommHandleDestroy
after jxf_ParBSRCommHandleDestroy, comm_handle=0x52d56e0
Checking comm_handle structure:
  comm_handle->num_requests = 6
  comm_handle->requests = 0x52d56c0
After macro expansion: requests=0x52d56c0, num_requests=6
Entering num_requestsEntering jxf_ParBSRCommHandleDestroy
after jxf_ParBSRCommHandleDestroy, comm_handle=0x63edae0
Checking comm_handle structure:
  comm_handle->num_requests = 6
  comm_handle->requests = 0x63edac0
After macro expansion: requests=0x63edac0, num_requests=6
Entering num_requests

after num_requests 
after jxf_TFree(requests)
after jxf_TFree(comm_handle)
after num_requests 
after jxf_TFree(requests)
after jxf_TFree(comm_handle)
vecR_norm_after = 0.589145
vecR_norm_after = 0.589145
vecR_norm_after = 0.589145
vecR_norm_after = 0.589145
    5    6.618135e-01    0.999709   9.982830e-01
Entering jxf_ParBSRCommHandleDestroy
after jxf_ParBSRCommHandleDestroy, comm_handle=0x52d5800
Checking comm_handle structure:
  comm_handle->num_requests = 6
  comm_handle->requests = 0x52d57e0
After macro expansion: requests=0x52d57e0, num_requests=6
Entering num_requests
Entering jxf_ParBSRCommHandleDestroy
after jxf_ParBSRCommHandleDestroy, comm_handle=0x555da30
Checking comm_handle structure:
  comm_handle->num_requests = 4
  comm_handle->requests = 0x555da10
After macro expansion: requests=0x555da10, num_requests=4
Entering num_requests
Entering jxf_ParBSRCommHandleDestroy
after jxf_ParBSRCommHandleDestroy, comm_handle=0x51e8490
Checking comm_handle structure:
  comm_handle->num_requests = 4
  comm_handle->requests = 0x51e8470
After macro expansion: requests=0x51e8470, num_requests=4
Entering num_requestsafter num_requests 
after jxf_TFree(requests)
after jxf_TFree(comm_handle)

after num_requests 
after jxf_TFree(requests)
after jxf_TFree(comm_handle)
after num_requests 
after jxf_TFree(requests)
after jxf_TFree(comm_handle)
Entering jxf_ParBSRCommHandleDestroy
after jxf_ParBSRCommHandleDestroy, comm_handle=0x56b4d40
Checking comm_handle structure:
  comm_handle->num_requests = 6
  comm_handle->requests = 0x56b4d20
After macro expansion: requests=0x56b4d20, num_requests=6
Entering num_requests
after num_requests 
after jxf_TFree(requests)
after jxf_TFree(comm_handle)
Entering jxf_ParBSRCommHandleDestroy
after jxf_ParBSRCommHandleDestroy, comm_handle=0x555da30
Checking comm_handle structure:
  comm_handle->num_requests = 4
  comm_handle->requests = 0x555da10
After macro expansion: requests=0x555da10, num_requests=4
Entering num_requests
after num_requests 
after jxf_TFree(requests)
after jxf_TFree(comm_handle)
Entering jxf_ParBSRCommHandleDestroy
after jxf_ParBSRCommHandleDestroy, comm_handle=0x51e8490
Checking comm_handle structure:
  comm_handle->num_requests = 4
  comm_handle->requests = 0x51e8470
After macro expansion: requests=0x51e8470, num_requests=4
Entering num_requests
Entering jxf_ParBSRCommHandleDestroy
after jxf_ParBSRCommHandleDestroy, comm_handle=0x52d5800
Checking comm_handle structure:
  comm_handle->num_requests = 6
  comm_handle->requests = 0x52d57e0
After macro expansion: requests=0x52d57e0, num_requests=6
Entering num_requests
after num_requests 
after jxf_TFree(requests)
after jxf_TFree(comm_handle)
after num_requests 
after jxf_TFree(requests)
after jxf_TFree(comm_handle)
Entering jxf_ParBSRCommHandleDestroy
after jxf_ParBSRCommHandleDestroy, comm_handle=0x56b4d40
Checking comm_handle structure:
  comm_handle->num_requests = 6
  comm_handle->requests = 0x63edba0
After macro expansion: requests=0x63edba0, num_requests=6
Entering num_requests
after num_requests 
after jxf_TFree(requests)
after jxf_TFree(comm_handle)
IR Iteration 12: Residual = 6.618206e-01 (rel = 7.317594e-02)
Initial L2 norm of residual: 6.618140e-01
=============================================

Iters     resid.norm     conv.rate  rel.res.norm(wrt.b_norm)
-----    ------------    ---------- ------------------------
vecR_norm_before = 0.000000
vecR_norm_before = 0.000000
vecR_norm_before = 0.000000
vecR_norm_before = 0.000000
Entering jxf_ParBSRCommHandleDestroy
after jxf_ParBSRCommHandleDestroy, comm_handle=0x555db60
Checking comm_handle structure:
  comm_handle->num_requests = 4
  comm_handle->requests = 0x555db40
After macro expansion: requests=0x555db40, num_requests=4
Entering num_requests
Entering jxf_ParBSRCommHandleDestroy
after jxf_ParBSRCommHandleDestroy, comm_handle=0x52d5920
Checking comm_handle structure:
  comm_handle->num_requests = 6
  comm_handle->requests = 0x52d5900
After macro expansion: requests=0x52d5900, num_requests=6
Entering num_requests
Entering jxf_ParBSRCommHandleDestroy
after jxf_ParBSRCommHandleDestroy, comm_handle=0x51e85b0
Checking comm_handle structure:
  comm_handle->num_requests = 4
  comm_handle->requests = 0x51e8590
After macro expansion: requests=0x51e8590, num_requests=4
Entering num_requests
after num_requests 
after jxf_TFree(requests)
after jxf_TFree(comm_handle)
after num_requests 
after jxf_TFree(requests)
after jxf_TFree(comm_handle)
after num_requests 
after jxf_TFree(requests)
after jxf_TFree(comm_handle)
Entering jxf_ParBSRCommHandleDestroy
after jxf_ParBSRCommHandleDestroy, comm_handle=0x56b4e60
Checking comm_handle structure:
  comm_handle->num_requests = 6
  comm_handle->requests = 0x56b4e40
After macro expansion: requests=0x56b4e40, num_requests=6
Entering num_requests
after num_requests 
after jxf_TFree(requests)
after jxf_TFree(comm_handle)
Entering jxf_ParBSRCommHandleDestroy
after jxf_ParBSRCommHandleDestroy, comm_handle=0x52d5920
Checking comm_handle structure:
  comm_handle->num_requests = 6
  comm_handle->requests = 0x52d5900
After macro expansion: requests=0x52d5900, num_requests=6
Entering num_requests
Entering jxf_ParBSRCommHandleDestroy
after jxf_ParBSRCommHandleDestroy, comm_handle=0x555db60
Checking comm_handle structure:
  comm_handle->num_requests = 4
  comm_handle->requests = 0x555db40
After macro expansion: requests=0x555db40, num_requests=4
Entering num_requests
Entering jxf_ParBSRCommHandleDestroy
after jxf_ParBSRCommHandleDestroy, comm_handle=0x51e85b0
Checking comm_handle structure:
  comm_handle->num_requests = 4
  comm_handle->requests = 0x51e8590
After macro expansion: requests=0x51e8590, num_requests=4
Entering num_requests
after num_requests 
after jxf_TFree(requests)
after jxf_TFree(comm_handle)
after num_requests 
after jxf_TFree(requests)
after jxf_TFree(comm_handle)
after num_requests 
after jxf_TFree(requests)
after jxf_TFree(comm_handle)
Entering jxf_ParBSRCommHandleDestroy
after jxf_ParBSRCommHandleDestroy, comm_handle=0x56b4e60
Checking comm_handle structure:
  comm_handle->num_requests = 6
  comm_handle->requests = 0x56b4e40
After macro expansion: requests=0x56b4e40, num_requests=6
Entering num_requests
after num_requests 
after jxf_TFree(requests)
after jxf_TFree(comm_handle)
vecR_norm_after = 0.204338
vecR_norm_after = 0.204338
vecR_norm_after = 0.204338
vecR_norm_after = 0.204338
    1    6.616567e-01    0.999762   9.997624e-01
vecR_norm_before = 0.000000
vecR_norm_before = 0.000000
vecR_norm_before = 0.000000
vecR_norm_before = 0.000000
Entering jxf_ParBSRCommHandleDestroyEntering jxf_ParBSRCommHandleDestroy
after jxf_ParBSRCommHandleDestroy, comm_handle=0x52d5a40
Checking comm_handle structure:
  comm_handle->num_requests = 6
  comm_handle->requests = 0x52d5a20
After macro expansion: requests=0x52d5a20, num_requests=6
Entering num_requests
Entering jxf_ParBSRCommHandleDestroy
after jxf_ParBSRCommHandleDestroy, comm_handle=0x56b4f80
Checking comm_handle structure:after num_requests 
after jxf_TFree(requests)
after jxf_TFree(comm_handle)

  comm_handle->num_requests = 6
  comm_handle->requests = 0x56b4f60
After macro expansion: requests=0x56b4f60, num_requests=6
Entering num_requests
Entering jxf_ParBSRCommHandleDestroy
after jxf_ParBSRCommHandleDestroy, comm_handle=0x51e86d0
Checking comm_handle structure:
  comm_handle->num_requests = 4
  comm_handle->requests = 0x51e86b0
After macro expansion: requests=0x51e86b0, num_requests=4
Entering num_requests
after num_requests 
after jxf_TFree(requests)
after jxf_TFree(comm_handle)
after num_requests 
after jxf_TFree(requests)
after jxf_TFree(comm_handle)

after jxf_ParBSRCommHandleDestroy, comm_handle=0x555dc80
Checking comm_handle structure:
  comm_handle->num_requests = 4
  comm_handle->requests = 0x555dc60
After macro expansion: requests=0x555dc60, num_requests=4
Entering num_requests
after num_requests 
after jxf_TFree(requests)
after jxf_TFree(comm_handle)
Entering jxf_ParBSRCommHandleDestroy
after jxf_ParBSRCommHandleDestroy, comm_handle=0x52d5a40
Checking comm_handle structure:
  comm_handle->num_requests = 6
  comm_handle->requests = 0x52d5a20
After macro expansion: requests=0x52d5a20, num_requests=6
Entering num_requests
Entering jxf_ParBSRCommHandleDestroy
after jxf_ParBSRCommHandleDestroy, comm_handle=0x56b4f80
Checking comm_handle structure:
  comm_handle->num_requests = 6
  comm_handle->requests = 0x56b4f60
After macro expansion: requests=0x56b4f60, num_requests=6
Entering num_requests
Entering jxf_ParBSRCommHandleDestroy
after jxf_ParBSRCommHandleDestroy, comm_handle=0x555dc80
Checking comm_handle structure:
  comm_handle->num_requests = 4
  comm_handle->requests = 0x555dc60
After macro expansion: requests=0x555dc60, num_requests=4
Entering num_requests
after num_requests 
after jxf_TFree(requests)
after jxf_TFree(comm_handle)
after num_requests 
after jxf_TFree(requests)
after jxf_TFree(comm_handle)
after num_requests 
after jxf_TFree(requests)
after jxf_TFree(comm_handle)
Entering jxf_ParBSRCommHandleDestroy
after jxf_ParBSRCommHandleDestroy, comm_handle=0x51e86d0
Checking comm_handle structure:
  comm_handle->num_requests = 4
  comm_handle->requests = 0x51e86b0
After macro expansion: requests=0x51e86b0, num_requests=4
Entering num_requests
after num_requests 
after jxf_TFree(requests)
after jxf_TFree(comm_handle)
vecR_norm_after = 0.671097
vecR_norm_after = 0.671097
vecR_norm_after = 0.671097
vecR_norm_after = 0.671097
    2    6.615164e-01    0.999788   9.995503e-01
vecR_norm_before = 0.000000
vecR_norm_before = 0.000000
vecR_norm_before = 0.000000
vecR_norm_before = 0.000000
Entering jxf_ParBSRCommHandleDestroy
after jxf_ParBSRCommHandleDestroy, comm_handle=0x555dda0
Checking comm_handle structure:
  comm_handle->num_requests = 4
  comm_handle->requests = 0x555dd80
After macro expansion: requests=0x555dd80, num_requests=4
Entering num_requests
after num_requests 
after jxf_TFree(requests)
after jxf_TFree(comm_handle)
Entering jxf_ParBSRCommHandleDestroy
after jxf_ParBSRCommHandleDestroy, comm_handle=0x56b50a0
Checking comm_handle structure:
  comm_handle->num_requests = 6
  comm_handle->requests = 0x56b5080
After macro expansion: requests=0x56b5080, num_requests=6
Entering num_requests
after num_requests 
after jxf_TFree(requests)
after jxf_TFree(comm_handle)
Entering jxf_ParBSRCommHandleDestroy
after jxf_ParBSRCommHandleDestroy, comm_handle=0x51e87f0
Checking comm_handle structure:
  comm_handle->num_requests = 4
  comm_handle->requests = 0x51e87d0
After macro expansion: requests=0x51e87d0, num_requests=4
Entering num_requests
after num_requests 
after jxf_TFree(requests)
after jxf_TFree(comm_handle)
Entering jxf_ParBSRCommHandleDestroy
after jxf_ParBSRCommHandleDestroy, comm_handle=0x52d5b60
Checking comm_handle structure:
  comm_handle->num_requests = 6
  comm_handle->requests = 0x52d5b40
After macro expansion: requests=0x52d5b40, num_requests=6
Entering num_requests
after num_requests 
after jxf_TFree(requests)
after jxf_TFree(comm_handle)
Entering jxf_ParBSRCommHandleDestroy
after jxf_ParBSRCommHandleDestroy, comm_handle=0x51e87f0
Checking comm_handle structure:
  comm_handle->num_requests = 4
  comm_handle->requests = 0x51e87d0
After macro expansion: requests=0x51e87d0, num_requests=4
Entering num_requests
Entering jxf_ParBSRCommHandleDestroy
after jxf_ParBSRCommHandleDestroy, comm_handle=0x52d5b60
Checking comm_handle structure:
  comm_handle->num_requests = 6
  comm_handle->requests = 0x52d5b40
After macro expansion: requests=0x52d5b40, num_requests=6
Entering num_requests
after num_requests 
after jxf_TFree(requests)
after jxf_TFree(comm_handle)
after num_requests 
after jxf_TFree(requests)
after jxf_TFree(comm_handle)
Entering jxf_ParBSRCommHandleDestroy
after jxf_ParBSRCommHandleDestroy, comm_handle=0x555dda0
Checking comm_handle structure:
  comm_handle->num_requests = 4
  comm_handle->requests = 0x555dd80
After macro expansion: requests=0x555dd80, num_requests=4
Entering num_requests
after num_requests 
after jxf_TFree(requests)
after jxf_TFree(comm_handle)
Entering jxf_ParBSRCommHandleDestroy
after jxf_ParBSRCommHandleDestroy, comm_handle=0x56b50a0
Checking comm_handle structure:
  comm_handle->num_requests = 6
  comm_handle->requests = 0x56b5080
After macro expansion: requests=0x56b5080, num_requests=6
Entering num_requests
after num_requests 
after jxf_TFree(requests)
after jxf_TFree(comm_handle)
vecR_norm_after = 1.096221
vecR_norm_after = 1.096221
vecR_norm_after = 1.096221
vecR_norm_after = 1.096221
    3    6.613877e-01    0.999805   9.993559e-01
vecR_norm_before = 0.000000
vecR_norm_before = 0.000000
vecR_norm_before = 0.000000
vecR_norm_before = 0.000000
Entering jxf_ParBSRCommHandleDestroyEntering jxf_ParBSRCommHandleDestroy
after jxf_ParBSRCommHandleDestroy, comm_handle=0x555dec0
Checking comm_handle structure:
  comm_handle->num_requests = 4
  comm_handle->requests = 0x555dea0
After macro expansion: requests=0x555dea0, num_requests=4
Entering num_requests

after num_requests 
after jxf_TFree(requests)
after jxf_TFree(comm_handle)Entering jxf_ParBSRCommHandleDestroy
after jxf_ParBSRCommHandleDestroy, comm_handle=0x51e8910
Checking comm_handle structure:

  comm_handle->num_requests = 4
  comm_handle->requests = 0x51e88f0
After macro expansion: requests=0x51e88f0, num_requests=4
Entering num_requests
Entering jxf_ParBSRCommHandleDestroyafter jxf_ParBSRCommHandleDestroy, comm_handle=0x52d5c80
Checking comm_handle structure:
  comm_handle->num_requests = 6
  comm_handle->requests = 0x52d5c60
After macro expansion: requests=0x52d5c60, num_requests=6
Entering num_requests
after num_requests 
after jxf_TFree(requests)
after jxf_TFree(comm_handle)
after num_requests 
after jxf_TFree(requests)
after jxf_TFree(comm_handle)

after jxf_ParBSRCommHandleDestroy, comm_handle=0x56b51c0
Checking comm_handle structure:
  comm_handle->num_requests = 6
  comm_handle->requests = 0x56b51a0
After macro expansion: requests=0x56b51a0, num_requests=6
Entering num_requests
after num_requests 
after jxf_TFree(requests)
after jxf_TFree(comm_handle)
Entering jxf_ParBSRCommHandleDestroy
after jxf_ParBSRCommHandleDestroy, comm_handle=0x555dec0
Checking comm_handle structure:
  comm_handle->num_requests = 4
  comm_handle->requests = 0x555dea0
After macro expansion: requests=0x555dea0, num_requests=4
Entering num_requests
after num_requests 
after jxf_TFree(requests)
after jxf_TFree(comm_handle)
Entering jxf_ParBSRCommHandleDestroy
after jxf_ParBSRCommHandleDestroy, comm_handle=0x51e8910
Checking comm_handle structure:
  comm_handle->num_requests = 4
  comm_handle->requests = 0x51e88f0
After macro expansion: requests=0x51e88f0, num_requests=4
Entering num_requests
after num_requests 
after jxf_TFree(requests)
after jxf_TFree(comm_handle)
Entering jxf_ParBSRCommHandleDestroy
after jxf_ParBSRCommHandleDestroy, comm_handle=0x52d5c80
Checking comm_handle structure:
  comm_handle->num_requests = 6
  comm_handle->requests = 0x52d5c60
After macro expansion: requests=0x52d5c60, num_requests=6
Entering num_requests
after num_requests 
after jxf_TFree(requests)
after jxf_TFree(comm_handle)
Entering jxf_ParBSRCommHandleDestroy
after jxf_ParBSRCommHandleDestroy, comm_handle=0x56b51c0
Checking comm_handle structure:
  comm_handle->num_requests = 6
  comm_handle->requests = 0x56b51a0
After macro expansion: requests=0x56b51a0, num_requests=6
Entering num_requests
after num_requests 
after jxf_TFree(requests)
after jxf_TFree(comm_handle)
vecR_norm_after = 0.952928
vecR_norm_after = 0.952928
vecR_norm_after = 0.952928
vecR_norm_after = 0.952928
    4    6.612791e-01    0.999836   9.991919e-01
vecR_norm_before = 0.000000
vecR_norm_before = 0.000000
vecR_norm_before = 0.000000
vecR_norm_before = 0.000000
Entering jxf_ParBSRCommHandleDestroy
after jxf_ParBSRCommHandleDestroy, comm_handle=0x52d5da0
Checking comm_handle structure:
  comm_handle->num_requests = 6
  comm_handle->requests = 0x52d5d80
After macro expansion: requests=0x52d5d80, num_requests=6
Entering num_requests
Entering jxf_ParBSRCommHandleDestroy
after jxf_ParBSRCommHandleDestroy, comm_handle=0x51e8a30
Checking comm_handle structure:
  comm_handle->num_requests = 4
  comm_handle->requests = 0x51e8a10
After macro expansion: requests=0x51e8a10, num_requests=4
Entering num_requests
after num_requests 
after jxf_TFree(requests)
after jxf_TFree(comm_handle)
after num_requests 
after jxf_TFree(requests)
after jxf_TFree(comm_handle)
Entering jxf_ParBSRCommHandleDestroy
after jxf_ParBSRCommHandleDestroy, comm_handle=0x56b52e0
Checking comm_handle structure:
  comm_handle->num_requests = 6
  comm_handle->requests = 0x56b52c0
Entering jxf_ParBSRCommHandleDestroy
after jxf_ParBSRCommHandleDestroy, comm_handle=0x555dfe0
Checking comm_handle structure:
  comm_handle->num_requests = 4
  comm_handle->requests = 0x555dfc0
After macro expansion: requests=0x555dfc0, num_requests=4
Entering num_requests
After macro expansion: requests=0x56b52c0, num_requests=6
Entering num_requests
after num_requests 
after jxf_TFree(requests)
after jxf_TFree(comm_handle)
after num_requests 
after jxf_TFree(requests)
after jxf_TFree(comm_handle)
Entering jxf_ParBSRCommHandleDestroy
after jxf_ParBSRCommHandleDestroy, comm_handle=0x52d5da0
Checking comm_handle structure:
  comm_handle->num_requests = 6
  comm_handle->requests = 0x52d5d80
After macro expansion: requests=0x52d5d80, num_requests=6
Entering num_requests
Entering jxf_ParBSRCommHandleDestroy
after jxf_ParBSRCommHandleDestroy, comm_handle=0x51e8a30
Checking comm_handle structure:
  comm_handle->num_requests = 4
  comm_handle->requests = 0x51e8a10
After macro expansion: requests=0x51e8a10, num_requests=4
after num_requests 
after jxf_TFree(requests)
after jxf_TFree(comm_handle)
Entering num_requests
after num_requests 
after jxf_TFree(requests)
after jxf_TFree(comm_handle)
Entering jxf_ParBSRCommHandleDestroy
after jxf_ParBSRCommHandleDestroy, comm_handle=0x56b52e0
Checking comm_handle structure:
  comm_handle->num_requests = 6
  comm_handle->requests = 0x56b52c0
After macro expansion: requests=0x56b52c0, num_requests=6
Entering num_requests
after num_requests 
after jxf_TFree(requests)
after jxf_TFree(comm_handle)
Entering jxf_ParBSRCommHandleDestroy
after jxf_ParBSRCommHandleDestroy, comm_handle=0x555dfe0
Checking comm_handle structure:
  comm_handle->num_requests = 4
  comm_handle->requests = 0x555dfc0
After macro expansion: requests=0x555dfc0, num_requests=4
Entering num_requests
after num_requests 
after jxf_TFree(requests)
after jxf_TFree(comm_handle)
vecR_norm_after = 1.021125
vecR_norm_after = 1.021125
vecR_norm_after = 1.021125
vecR_norm_after = 1.021125
    5    6.611569e-01    0.999815   9.990072e-01
Entering jxf_ParBSRCommHandleDestroyEntering jxf_ParBSRCommHandleDestroy
after jxf_ParBSRCommHandleDestroy, comm_handle=0x52d5ec0
Checking comm_handle structure:
  comm_handle->num_requests = 6
  comm_handle->requests = 0x52d5ea0
After macro expansion: requests=0x52d5ea0, num_requests=6
Entering num_requests

after jxf_ParBSRCommHandleDestroy, comm_handle=0x555e100
Checking comm_handle structure:
  comm_handle->num_requests = 4
  comm_handle->requests = 0x555e0e0
After macro expansion: requests=0x555e0e0, num_requests=4
Entering num_requests
Entering jxf_ParBSRCommHandleDestroy
after jxf_ParBSRCommHandleDestroy, comm_handle=0x51e8b50
Checking comm_handle structure:
  comm_handle->num_requests = 4
  comm_handle->requests = 0x51e8b30
After macro expansion: requests=0x51e8b30, num_requests=4
Entering num_requests
after num_requests after num_requests 
after jxf_TFree(requests)
after jxf_TFree(comm_handle)
Entering jxf_ParBSRCommHandleDestroy
after jxf_ParBSRCommHandleDestroy, comm_handle=0x56b5400
Checking comm_handle structure:
  comm_handle->num_requests = 6
  comm_handle->requests = 0x56b53e0
After macro expansion: requests=0x56b53e0, num_requests=6
Entering num_requests
after num_requests 
after jxf_TFree(requests)
after jxf_TFree(comm_handle)
after num_requests 
after jxf_TFree(requests)

after jxf_TFree(comm_handle)
after jxf_TFree(requests)
after jxf_TFree(comm_handle)
Entering jxf_ParBSRCommHandleDestroy
after jxf_ParBSRCommHandleDestroy, comm_handle=0x51e8b50
Checking comm_handle structure:
  comm_handle->num_requests = 4
  comm_handle->requests = 0x51e8b30
After macro expansion: requests=0x51e8b30, num_requests=4
Entering num_requests
Entering jxf_ParBSRCommHandleDestroy
after jxf_ParBSRCommHandleDestroy, comm_handle=0x52d5ec0
Checking comm_handle structure:
  comm_handle->num_requests = 6
  comm_handle->requests = 0x52d5ea0
After macro expansion: requests=0x52d5ea0, num_requests=6
Entering num_requests
Entering jxf_ParBSRCommHandleDestroy
after jxf_ParBSRCommHandleDestroy, comm_handle=0x555e100
Checking comm_handle structure:
  comm_handle->num_requests = 4
  comm_handle->requests = 0x555e0e0
After macro expansion: requests=0x555e0e0, num_requests=4
Entering num_requests
after num_requests 
after jxf_TFree(requests)
after jxf_TFree(comm_handle)
after num_requests 
after jxf_TFree(requests)
after jxf_TFree(comm_handle)
after num_requests 
after jxf_TFree(requests)
after jxf_TFree(comm_handle)
Entering jxf_ParBSRCommHandleDestroy
after jxf_ParBSRCommHandleDestroy, comm_handle=0x56b5400
Checking comm_handle structure:
  comm_handle->num_requests = 6
  comm_handle->requests = 0x56b53e0
After macro expansion: requests=0x56b53e0, num_requests=6
Entering num_requests
after num_requests 
after jxf_TFree(requests)
after jxf_TFree(comm_handle)
IR Iteration 13: Residual = 6.611634e-01 (rel = 7.310328e-02)
Initial L2 norm of residual: 6.611569e-01
=============================================

Iters     resid.norm     conv.rate  rel.res.norm(wrt.b_norm)
-----    ------------    ---------- ------------------------
vecR_norm_before = 0.000000
vecR_norm_before = 0.000000
vecR_norm_before = 0.000000
vecR_norm_before = 0.000000
Entering jxf_ParBSRCommHandleDestroyEntering jxf_ParBSRCommHandleDestroy
after jxf_ParBSRCommHandleDestroy, comm_handle=0x56b5520
Checking comm_handle structure:
  comm_handle->num_requests = 6
  comm_handle->requests = 0x56b5500
Entering jxf_ParBSRCommHandleDestroy
after jxf_ParBSRCommHandleDestroy, comm_handle=0x52d5fe0
After macro expansion: requests=0x56b5500, num_requests=6
Entering num_requests
after num_requests 
Entering jxf_ParBSRCommHandleDestroy
after jxf_ParBSRCommHandleDestroy, comm_handle=0x51e8c70
Checking comm_handle structure:
  comm_handle->num_requests = 4
Checking comm_handle structure:
  comm_handle->num_requests = 6
  comm_handle->requests = 0x52d5fc0
After macro expansion: requests=0x52d5fc0, num_requests=6
Entering num_requests
after jxf_TFree(requests)
after jxf_TFree(comm_handle)
  comm_handle->requests = 0x51e8c50
After macro expansion: requests=0x51e8c50, num_requests=4
Entering num_requests
after num_requests 
after jxf_TFree(requests)
after num_requests 
after jxf_TFree(requests)after jxf_TFree(comm_handle)

after jxf_TFree(comm_handle)

after jxf_ParBSRCommHandleDestroy, comm_handle=0x555e230
Checking comm_handle structure:
  comm_handle->num_requests = 4
  comm_handle->requests = 0x555e210
After macro expansion: requests=0x555e210, num_requests=4
Entering num_requests
after num_requests 
after jxf_TFree(requests)
after jxf_TFree(comm_handle)
Entering jxf_ParBSRCommHandleDestroy
after jxf_ParBSRCommHandleDestroy, comm_handle=0x52d5fe0
Checking comm_handle structure:
  comm_handle->num_requests = 6
  comm_handle->requests = 0x52d5fc0
After macro expansion: requests=0x52d5fc0, num_requests=6
Entering num_requests
Entering jxf_ParBSRCommHandleDestroy
after jxf_ParBSRCommHandleDestroy, comm_handle=0x51e8c70
Checking comm_handle structure:
  comm_handle->num_requests = 4
  comm_handle->requests = 0x51e8c50
After macro expansion: requests=0x51e8c50, num_requests=4
Entering num_requests
after num_requests 
after jxf_TFree(requests)
after jxf_TFree(comm_handle)
Entering jxf_ParBSRCommHandleDestroy
after jxf_ParBSRCommHandleDestroy, comm_handle=0x56b5520
Checking comm_handle structure:
  comm_handle->num_requests = 6
  comm_handle->requests = 0x56b5500
After macro expansion: requests=0x56b5500, num_requests=6
Entering num_requests
after num_requests 
after jxf_TFree(requests)
after jxf_TFree(comm_handle)
after num_requests 
after jxf_TFree(requests)
after jxf_TFree(comm_handle)
Entering jxf_ParBSRCommHandleDestroy
after jxf_ParBSRCommHandleDestroy, comm_handle=0x555e230
Checking comm_handle structure:
  comm_handle->num_requests = 4
  comm_handle->requests = 0x555e210
After macro expansion: requests=0x555e210, num_requests=4
Entering num_requests
after num_requests 
after jxf_TFree(requests)
after jxf_TFree(comm_handle)
vecR_norm_after = 0.107507
vecR_norm_after = 0.107507
vecR_norm_after = 0.107507
vecR_norm_after = 0.107507
    1    6.610735e-01    0.999874   9.998739e-01
vecR_norm_before = 0.000000
vecR_norm_before = 0.000000
vecR_norm_before = 0.000000
vecR_norm_before = 0.000000
Entering jxf_ParBSRCommHandleDestroy
after jxf_ParBSRCommHandleDestroy, comm_handle=0x52d6100
Checking comm_handle structure:
  comm_handle->num_requests = 6
  comm_handle->requests = 0x52d60e0
After macro expansion: requests=0x52d60e0, num_requests=6
Entering num_requestsEntering jxf_ParBSRCommHandleDestroy
after jxf_ParBSRCommHandleDestroy, comm_handle=0x56b5640
Checking comm_handle structure:
  comm_handle->num_requests = 6
  comm_handle->requests = 0x56b5620
After macro expansion: requests=0x56b5620, num_requests=6
Entering num_requests

Entering jxf_ParBSRCommHandleDestroy
after jxf_ParBSRCommHandleDestroy, comm_handle=0x555e350
Checking comm_handle structure:
  comm_handle->num_requests = 4
  comm_handle->requests = 0x555e330
After macro expansion: requests=0x555e330, num_requests=4
Entering num_requests
after num_requests 
after jxf_TFree(requests)
after jxf_TFree(comm_handle)
after num_requests after num_requests 
after jxf_TFree(requests)
after jxf_TFree(comm_handle)

after jxf_TFree(requests)
after jxf_TFree(comm_handle)
Entering jxf_ParBSRCommHandleDestroy
after jxf_ParBSRCommHandleDestroy, comm_handle=0x51e8d90
Checking comm_handle structure:
  comm_handle->num_requests = 4
  comm_handle->requests = 0x51e8d70
After macro expansion: requests=0x51e8d70, num_requests=4
Entering num_requests
after num_requests 
after jxf_TFree(requests)
after jxf_TFree(comm_handle)
Entering jxf_ParBSRCommHandleDestroy
after jxf_ParBSRCommHandleDestroy, comm_handle=0x56b5640
Checking comm_handle structure:
  comm_handle->num_requests = 6
  comm_handle->requests = 0x56b5620
After macro expansion: requests=0x56b5620, num_requests=6
Entering num_requests
Entering jxf_ParBSRCommHandleDestroy
after jxf_ParBSRCommHandleDestroy, comm_handle=0x51e8d90
Checking comm_handle structure:
  comm_handle->num_requests = 4
  comm_handle->requests = 0x51e8d70
After macro expansion: requests=0x51e8d70, num_requests=4
Entering num_requests
after num_requests after num_requests 
after jxf_TFree(requests)
after jxf_TFree(comm_handle)Entering jxf_ParBSRCommHandleDestroy

after jxf_ParBSRCommHandleDestroy, comm_handle=0x555e350
Checking comm_handle structure:
  comm_handle->num_requests = 4
  comm_handle->requests = 0x555e330
After macro expansion: requests=0x555e330, num_requests=4
Entering num_requests
after num_requests 
after jxf_TFree(requests)
after jxf_TFree(comm_handle)
Entering jxf_ParBSRCommHandleDestroy
after jxf_ParBSRCommHandleDestroy, comm_handle=0x52d6100
Checking comm_handle structure:
  comm_handle->num_requests = 6
  comm_handle->requests = 0x52d60e0
After macro expansion: requests=0x52d60e0, num_requests=6
Entering num_requests
after num_requests 
after jxf_TFree(requests)
after jxf_TFree(comm_handle)

after jxf_TFree(requests)
after jxf_TFree(comm_handle)
vecR_norm_after = 2.046296
vecR_norm_after = 2.046296
vecR_norm_after = 2.046296
vecR_norm_after = 2.046296
    2    6.609855e-01    0.999867   9.997408e-01
vecR_norm_before = 0.000000
vecR_norm_before = 0.000000
vecR_norm_before = 0.000000
vecR_norm_before = 0.000000
Entering jxf_ParBSRCommHandleDestroy
after jxf_ParBSRCommHandleDestroy, comm_handle=0x52d6220
Checking comm_handle structure:
  comm_handle->num_requests = 6
  comm_handle->requests = 0x52d6200
After macro expansion: requests=0x52d6200, num_requests=6
Entering num_requests
Entering jxf_ParBSRCommHandleDestroy
after jxf_ParBSRCommHandleDestroy, comm_handle=0x51e8eb0
Checking comm_handle structure:
  comm_handle->num_requests = 4
  comm_handle->requests = 0x51e8e90
After macro expansion: requests=0x51e8e90, num_requests=4
Entering num_requests
Entering jxf_ParBSRCommHandleDestroy
after jxf_ParBSRCommHandleDestroy, comm_handle=0x555e470
Checking comm_handle structure:
  comm_handle->num_requests = 4
  comm_handle->requests = 0x555e450
After macro expansion: requests=0x555e450, num_requests=4
Entering num_requests
after num_requests 
after jxf_TFree(requests)
after jxf_TFree(comm_handle)
after num_requests 
after jxf_TFree(requests)
after jxf_TFree(comm_handle)
after num_requests 
after jxf_TFree(requests)
after jxf_TFree(comm_handle)
Entering jxf_ParBSRCommHandleDestroy
after jxf_ParBSRCommHandleDestroy, comm_handle=0x56b5760
Checking comm_handle structure:
  comm_handle->num_requests = 6
  comm_handle->requests = 0x56b5740
After macro expansion: requests=0x56b5740, num_requests=6
Entering num_requests
after num_requests 
after jxf_TFree(requests)
after jxf_TFree(comm_handle)
Entering jxf_ParBSRCommHandleDestroy
after jxf_ParBSRCommHandleDestroy, comm_handle=0x52d6220
Checking comm_handle structure:
  comm_handle->num_requests = 6
  comm_handle->requests = 0x52d6200
After macro expansion: requests=0x52d6200, num_requests=6
Entering num_requests
Entering jxf_ParBSRCommHandleDestroy
after jxf_ParBSRCommHandleDestroy, comm_handle=0x51e8eb0
Checking comm_handle structure:
  comm_handle->num_requests = 4
  comm_handle->requests = 0x51e8e90
After macro expansion: requests=0x51e8e90, num_requests=4
Entering num_requests
Entering jxf_ParBSRCommHandleDestroy
after jxf_ParBSRCommHandleDestroy, comm_handle=0x555e470
Checking comm_handle structure:
  comm_handle->num_requests = 4
  comm_handle->requests = 0x555e450
After macro expansion: requests=0x555e450, num_requests=4
Entering num_requests
after num_requests 
after jxf_TFree(requests)
after jxf_TFree(comm_handle)
after num_requests 
after jxf_TFree(requests)
after jxf_TFree(comm_handle)
after num_requests 
after jxf_TFree(requests)
after jxf_TFree(comm_handle)
Entering jxf_ParBSRCommHandleDestroy
after jxf_ParBSRCommHandleDestroy, comm_handle=0x56b5760
Checking comm_handle structure:
  comm_handle->num_requests = 6
  comm_handle->requests = 0x56b5740
After macro expansion: requests=0x56b5740, num_requests=6
Entering num_requests
after num_requests 
after jxf_TFree(requests)
after jxf_TFree(comm_handle)
vecR_norm_after = 1.341336
vecR_norm_after = 1.341336
vecR_norm_after = 1.341336
vecR_norm_after = 1.341336
    3    6.609215e-01    0.999903   9.996440e-01
vecR_norm_before = 0.000000
vecR_norm_before = 0.000000
vecR_norm_before = 0.000000
vecR_norm_before = 0.000000
Entering jxf_ParBSRCommHandleDestroyEntering jxf_ParBSRCommHandleDestroy
after jxf_ParBSRCommHandleDestroy, comm_handle=0x555e590
Checking comm_handle structure:
Entering jxf_ParBSRCommHandleDestroy
after jxf_ParBSRCommHandleDestroy, comm_handle=0x51e8fd0
Checking comm_handle structure:
  comm_handle->num_requests = 4
  comm_handle->requests = 0x555e570
After macro expansion: requests=0x555e570, num_requests=4
Entering num_requests
  comm_handle->num_requests = 4
  comm_handle->requests = 0x51e8fb0
After macro expansion: requests=0x51e8fb0, num_requests=4
Entering num_requests
after num_requests Entering jxf_ParBSRCommHandleDestroy
after jxf_ParBSRCommHandleDestroy, comm_handle=0x56b5880
Checking comm_handle structure:
  comm_handle->num_requests = 6
  comm_handle->requests = 0x56b5860
After macro expansion: requests=0x56b5860, num_requests=6
Entering num_requests
after num_requests 
after jxf_TFree(requests)
after jxf_TFree(comm_handle)
after num_requests 
after jxf_TFree(requests)
after jxf_TFree(comm_handle)

after jxf_TFree(requests)
after jxf_TFree(comm_handle)

after jxf_ParBSRCommHandleDestroy, comm_handle=0x52d6340
Checking comm_handle structure:
  comm_handle->num_requests = 6
  comm_handle->requests = 0x52d6320
After macro expansion: requests=0x52d6320, num_requests=6
Entering num_requests
after num_requests 
after jxf_TFree(requests)
after jxf_TFree(comm_handle)
Entering jxf_ParBSRCommHandleDestroy
after jxf_ParBSRCommHandleDestroy, comm_handle=0x56b5880
Checking comm_handle structure:
  comm_handle->num_requests = 6
  comm_handle->requests = 0x56b5860
After macro expansion: requests=0x56b5860, num_requests=6
Entering num_requests
Entering jxf_ParBSRCommHandleDestroy
after jxf_ParBSRCommHandleDestroy, comm_handle=0x52d6340
Checking comm_handle structure:
  comm_handle->num_requests = 6
  comm_handle->requests = 0x52d6320
After macro expansion: requests=0x52d6320, num_requests=6
Entering num_requests
Entering jxf_ParBSRCommHandleDestroy
after jxf_ParBSRCommHandleDestroy, comm_handle=0x555e590
Checking comm_handle structure:
  comm_handle->num_requests = 4
  comm_handle->requests = 0x555e570
After macro expansion: requests=0x555e570, num_requests=4
Entering num_requests
after num_requests 
after jxf_TFree(requests)
after jxf_TFree(comm_handle)
after num_requests 
after jxf_TFree(requests)
after jxf_TFree(comm_handle)
after num_requests 
after jxf_TFree(requests)
after jxf_TFree(comm_handle)
Entering jxf_ParBSRCommHandleDestroy
after jxf_ParBSRCommHandleDestroy, comm_handle=0x51e8fd0
Checking comm_handle structure:
  comm_handle->num_requests = 4
  comm_handle->requests = 0x51e8fb0
After macro expansion: requests=0x51e8fb0, num_requests=4
Entering num_requests
after num_requests 
after jxf_TFree(requests)
after jxf_TFree(comm_handle)
vecR_norm_after = 1.041288
vecR_norm_after = 1.041288
vecR_norm_after = 1.041288
vecR_norm_after = 1.041288
    4    6.608651e-01    0.999915   9.995587e-01
vecR_norm_before = 0.000000
vecR_norm_before = 0.000000
vecR_norm_before = 0.000000
vecR_norm_before = 0.000000
Entering jxf_ParBSRCommHandleDestroyEntering jxf_ParBSRCommHandleDestroy
after jxf_ParBSRCommHandleDestroy, comm_handle=0x52d6460
Checking comm_handle structure:
  comm_handle->num_requests = 6
  comm_handle->requests = 0x52d6440
After macro expansion: requests=0x52d6440, num_requests=6
Entering num_requests
after num_requests 
after jxf_TFree(requests)
after jxf_TFree(comm_handle)
Entering jxf_ParBSRCommHandleDestroy
after jxf_ParBSRCommHandleDestroy, comm_handle=0x56b59a0
Entering jxf_ParBSRCommHandleDestroy
after jxf_ParBSRCommHandleDestroy, comm_handle=0x51e90f0
Checking comm_handle structure:
Checking comm_handle structure:
  comm_handle->num_requests = 6
  comm_handle->requests = 0x56b5980
After macro expansion: requests=0x56b5980, num_requests=6
Entering num_requests
  comm_handle->num_requests = 4
  comm_handle->requests = 0x51e90d0
After macro expansion: requests=0x51e90d0, num_requests=4
Entering num_requests
after num_requests 
after jxf_TFree(requests)
after jxf_TFree(comm_handle)
after num_requests 
after jxf_TFree(requests)
after jxf_TFree(comm_handle)

after jxf_ParBSRCommHandleDestroy, comm_handle=0x555e6b0
Checking comm_handle structure:
  comm_handle->num_requests = 4
  comm_handle->requests = 0x555e690
After macro expansion: requests=0x555e690, num_requests=4
Entering num_requests
after num_requests 
after jxf_TFree(requests)
after jxf_TFree(comm_handle)
Entering jxf_ParBSRCommHandleDestroy
after jxf_ParBSRCommHandleDestroy, comm_handle=0x56b59a0
Checking comm_handle structure:
  comm_handle->num_requests = 6
  comm_handle->requests = 0x56b5980
After macro expansion: requests=0x56b5980, num_requests=6
Entering num_requests
after num_requests 
after jxf_TFree(requests)
after jxf_TFree(comm_handle)
Entering jxf_ParBSRCommHandleDestroy
after jxf_ParBSRCommHandleDestroy, comm_handle=0x52d6460
Checking comm_handle structure:
  comm_handle->num_requests = 6
  comm_handle->requests = 0x52d6440
After macro expansion: requests=0x52d6440, num_requests=6
Entering num_requests
after num_requests 
after jxf_TFree(requests)
after jxf_TFree(comm_handle)
Entering jxf_ParBSRCommHandleDestroy
after jxf_ParBSRCommHandleDestroy, comm_handle=0x555e6b0
Checking comm_handle structure:Entering jxf_ParBSRCommHandleDestroy
after jxf_ParBSRCommHandleDestroy, comm_handle=0x51e90f0
Checking comm_handle structure:
  comm_handle->num_requests = 4

  comm_handle->num_requests = 4
  comm_handle->requests = 0x555e690
After macro expansion: requests=0x555e690, num_requests=4
Entering num_requests
after num_requests 
  comm_handle->requests = 0x51e90d0
After macro expansion: requests=0x51e90d0, num_requests=4
Entering num_requests
after num_requests 
after jxf_TFree(requests)
after jxf_TFree(requests)
after jxf_TFree(comm_handle)
after jxf_TFree(comm_handle)
vecR_norm_after = 0.737940
vecR_norm_after = 0.737940
vecR_norm_after = 0.737940
vecR_norm_after = 0.737940
    5    6.608044e-01    0.999908   9.994668e-01
Entering jxf_ParBSRCommHandleDestroy
after jxf_ParBSRCommHandleDestroy, comm_handle=0x52d6580
Checking comm_handle structure:
  comm_handle->num_requests = 6
  comm_handle->requests = 0x52d6560
After macro expansion: requests=0x52d6560, num_requests=6
Entering num_requests
Entering jxf_ParBSRCommHandleDestroy
after jxf_ParBSRCommHandleDestroy, comm_handle=0x555e7d0
Checking comm_handle structure:
  comm_handle->num_requests = 4
  comm_handle->requests = 0x555e7b0
After macro expansion: requests=0x555e7b0, num_requests=4
Entering num_requests
Entering jxf_ParBSRCommHandleDestroy
after jxf_ParBSRCommHandleDestroy, comm_handle=0x444d590
Checking comm_handle structure:
  comm_handle->num_requests = 4
  comm_handle->requests = 0x444d570
After macro expansion: requests=0x444d570, num_requests=4
Entering num_requests
after num_requests 
after jxf_TFree(requests)
after jxf_TFree(comm_handle)
after num_requests 
after jxf_TFree(requests)
after jxf_TFree(comm_handle)
Entering jxf_ParBSRCommHandleDestroy
after jxf_ParBSRCommHandleDestroy, comm_handle=0x56b5ac0
Checking comm_handle structure:
  comm_handle->num_requests = 6
  comm_handle->requests = 0x56b5aa0
After macro expansion: requests=0x56b5aa0, num_requests=6
Entering num_requests
after num_requests 
after jxf_TFree(requests)
after jxf_TFree(comm_handle)
after num_requests 
after jxf_TFree(requests)
after jxf_TFree(comm_handle)
Entering jxf_ParBSRCommHandleDestroy
after jxf_ParBSRCommHandleDestroy, comm_handle=0x555e7d0
Checking comm_handle structure:
  comm_handle->num_requests = 4
  comm_handle->requests = 0x555e7b0
After macro expansion: requests=0x555e7b0, num_requests=4
Entering num_requests
after num_requests 
after jxf_TFree(requests)
after jxf_TFree(comm_handle)
Entering jxf_ParBSRCommHandleDestroy
after jxf_ParBSRCommHandleDestroy, comm_handle=0x444d590
Checking comm_handle structure:
Entering jxf_ParBSRCommHandleDestroy
after jxf_ParBSRCommHandleDestroy, comm_handle=0x56b5ac0
Checking comm_handle structure:
  comm_handle->num_requests = 6
  comm_handle->requests = 0x56b5aa0
After macro expansion: requests=0x56b5aa0, num_requests=6
Entering num_requests
  comm_handle->num_requests = 4
  comm_handle->requests = 0x444d570
After macro expansion: requests=0x444d570, num_requests=4
Entering num_requests
Entering jxf_ParBSRCommHandleDestroy
after num_requests 
after jxf_TFree(requests)
after jxf_TFree(comm_handle)after num_requests 
after jxf_TFree(requests)
after jxf_TFree(comm_handle)
after jxf_ParBSRCommHandleDestroy, comm_handle=0x52d6580
Checking comm_handle structure:
  comm_handle->num_requests = 6
  comm_handle->requests = 0x52d6560
After macro expansion: requests=0x52d6560, num_requests=6
Entering num_requests

after num_requests 
after jxf_TFree(requests)
after jxf_TFree(comm_handle)
IR Iteration 14: Residual = 6.608108e-01 (rel = 7.306429e-02)
Initial L2 norm of residual: 6.608044e-01
=============================================

Iters     resid.norm     conv.rate  rel.res.norm(wrt.b_norm)
-----    ------------    ---------- ------------------------
vecR_norm_before = 0.000000
vecR_norm_before = 0.000000
vecR_norm_before = 0.000000
vecR_norm_before = 0.000000
Entering jxf_ParBSRCommHandleDestroy
after jxf_ParBSRCommHandleDestroy, comm_handle=0x5555510
Checking comm_handle structure:
  comm_handle->num_requests = 4
  comm_handle->requests = 0x55554f0
Entering jxf_ParBSRCommHandleDestroyAfter macro expansion: requests=0x55554f0, num_requests=4
Entering num_requests
Entering jxf_ParBSRCommHandleDestroy
after jxf_ParBSRCommHandleDestroy, comm_handle=0x56b5be0
Checking comm_handle structure:
  comm_handle->num_requests = 6
  comm_handle->requests = 0x56b5bc0
After macro expansion: requests=0x56b5bc0, num_requests=6
Entering num_requests

after num_requests after jxf_ParBSRCommHandleDestroy, comm_handle=0x54d20f0
Checking comm_handle structure:
  comm_handle->num_requests = 6
  comm_handle->requests = 0x54d20d0
After macro expansion: requests=0x54d20d0, num_requests=6
Entering num_requests
Entering jxf_ParBSRCommHandleDestroy
after jxf_ParBSRCommHandleDestroy, comm_handle=0x444d6b0
Checking comm_handle structure:
  comm_handle->num_requests = 4
after num_requests 
after jxf_TFree(requests)
after jxf_TFree(comm_handle)
  comm_handle->requests = 0x444d690
After macro expansion: requests=0x444d690, num_requests=4
Entering num_requests
after num_requests 
after jxf_TFree(requests)
after jxf_TFree(comm_handle)

after jxf_TFree(requests)
after jxf_TFree(comm_handle)
after num_requests 
after jxf_TFree(requests)
after jxf_TFree(comm_handle)
Entering jxf_ParBSRCommHandleDestroy
after jxf_ParBSRCommHandleDestroy, comm_handle=0x54d20f0
Checking comm_handle structure:
  comm_handle->num_requests = 6
  comm_handle->requests = 0x54d20d0
After macro expansion: requests=0x54d20d0, num_requests=6
Entering num_requests
Entering jxf_ParBSRCommHandleDestroy
after jxf_ParBSRCommHandleDestroy, comm_handle=0x56b5be0
Checking comm_handle structure:
  comm_handle->num_requests = 6
  comm_handle->requests = 0x56b5bc0
After macro expansion: requests=0x56b5bc0, num_requests=6
Entering num_requests
after num_requests 
after jxf_TFree(requests)
after jxf_TFree(comm_handle)
after num_requests 
after jxf_TFree(requests)
after jxf_TFree(comm_handle)
Entering jxf_ParBSRCommHandleDestroy
after jxf_ParBSRCommHandleDestroy, comm_handle=0x5555510
Checking comm_handle structure:
  comm_handle->num_requests = 4
  comm_handle->requests = 0x55554f0
After macro expansion: requests=0x55554f0, num_requests=4
Entering num_requests
after num_requests 
after jxf_TFree(requests)
after jxf_TFree(comm_handle)
Entering jxf_ParBSRCommHandleDestroy
after jxf_ParBSRCommHandleDestroy, comm_handle=0x444d6b0
Checking comm_handle structure:
  comm_handle->num_requests = 4
  comm_handle->requests = 0x444d690
After macro expansion: requests=0x444d690, num_requests=4
Entering num_requests
after num_requests 
after jxf_TFree(requests)
after jxf_TFree(comm_handle)
vecR_norm_after = 0.060974
vecR_norm_after = 0.060974
vecR_norm_after = 0.060974
vecR_norm_after = 0.060974
    1    6.607576e-01    0.999929   9.999292e-01
vecR_norm_before = 0.000000
vecR_norm_before = 0.000000
vecR_norm_before = 0.000000
vecR_norm_before = 0.000000
Entering jxf_ParBSRCommHandleDestroy
after jxf_ParBSRCommHandleDestroy, comm_handle=0x54d2210
Checking comm_handle structure:
  comm_handle->num_requests = 6
  comm_handle->requests = 0x54d21f0
After macro expansion: requests=0x54d21f0, num_requests=6
Entering num_requests
Entering jxf_ParBSRCommHandleDestroy
after jxf_ParBSRCommHandleDestroy, comm_handle=0x444d7d0
Checking comm_handle structure:
  comm_handle->num_requests = 4
  comm_handle->requests = 0x444d7b0
after num_requests 
after jxf_TFree(requests)
after jxf_TFree(comm_handle)
After macro expansion: requests=0x444d7b0, num_requests=4
Entering num_requests
after num_requests 
after jxf_TFree(requests)
after jxf_TFree(comm_handle)
Entering jxf_ParBSRCommHandleDestroy
Entering jxf_ParBSRCommHandleDestroy
after jxf_ParBSRCommHandleDestroy, comm_handle=0x56b5d00
Checking comm_handle structure:
  comm_handle->num_requests = 6
after jxf_ParBSRCommHandleDestroy, comm_handle=0x5555630
Checking comm_handle structure:
  comm_handle->num_requests = 4
  comm_handle->requests = 0x5555610
  comm_handle->requests = 0x56b5ce0
After macro expansion: requests=0x56b5ce0, num_requests=6
Entering num_requests
After macro expansion: requests=0x5555610, num_requests=4
Entering num_requests
after num_requests 
after jxf_TFree(requests)
after jxf_TFree(comm_handle)
after num_requests 
after jxf_TFree(requests)
after jxf_TFree(comm_handle)
Entering jxf_ParBSRCommHandleDestroy
after jxf_ParBSRCommHandleDestroy, comm_handle=0x54d2210
Checking comm_handle structure:
  comm_handle->num_requests = 6
  comm_handle->requests = 0x54d21f0
After macro expansion: requests=0x54d21f0, num_requests=6
Entering num_requests
after num_requests 
after jxf_TFree(requests)
after jxf_TFree(comm_handle)
Entering jxf_ParBSRCommHandleDestroy
after jxf_ParBSRCommHandleDestroy, comm_handle=0x444d7d0
Checking comm_handle structure:
  comm_handle->num_requests = 4
  comm_handle->requests = 0x444d7b0
After macro expansion: requests=0x444d7b0, num_requests=4
Entering num_requests
after num_requests 
after jxf_TFree(requests)
after jxf_TFree(comm_handle)
Entering jxf_ParBSRCommHandleDestroy
after jxf_ParBSRCommHandleDestroy, comm_handle=0x5555630
Checking comm_handle structure:Entering jxf_ParBSRCommHandleDestroy
after jxf_ParBSRCommHandleDestroy, comm_handle=0x56b5d00
Checking comm_handle structure:
  comm_handle->num_requests = 6
  comm_handle->requests = 0x56b5ce0
After macro expansion: requests=0x56b5ce0, num_requests=6
Entering num_requests

  comm_handle->num_requests = 4
  comm_handle->requests = 0x5555610
After macro expansion: requests=0x5555610, num_requests=4
Entering num_requests
after num_requests 
after jxf_TFree(requests)
after jxf_TFree(comm_handle)
after num_requests 
after jxf_TFree(requests)
after jxf_TFree(comm_handle)
vecR_norm_after = 1.526139
vecR_norm_after = 1.526139
vecR_norm_after = 1.526139
vecR_norm_after = 1.526139
    2    6.607037e-01    0.999918   9.998477e-01
vecR_norm_before = 0.000000
vecR_norm_before = 0.000000
vecR_norm_before = 0.000000
vecR_norm_before = 0.000000
Entering jxf_ParBSRCommHandleDestroy
after jxf_ParBSRCommHandleDestroy, comm_handle=0x54d2330
Checking comm_handle structure:
  comm_handle->num_requests = 6
  comm_handle->requests = 0x54d2310
After macro expansion: requests=0x54d2310, num_requests=6
Entering num_requests
Entering jxf_ParBSRCommHandleDestroy
after jxf_ParBSRCommHandleDestroy, comm_handle=0x25813b0
Checking comm_handle structure:
  comm_handle->num_requests = 4
  comm_handle->requests = 0x2581390
After macro expansion: requests=0x2581390, num_requests=4
Entering num_requests
after num_requests 
after jxf_TFree(requests)
after jxf_TFree(comm_handle)
after num_requests 
after jxf_TFree(requests)
after jxf_TFree(comm_handle)
Entering jxf_ParBSRCommHandleDestroy
after jxf_ParBSRCommHandleDestroy, comm_handle=0x56b5e20
Checking comm_handle structure:
  comm_handle->num_requests = 6
  comm_handle->requests = 0x56b5e00
After macro expansion: requests=0x56b5e00, num_requests=6
Entering num_requests
after num_requests 
after jxf_TFree(requests)
after jxf_TFree(comm_handle)
Entering jxf_ParBSRCommHandleDestroy
after jxf_ParBSRCommHandleDestroy, comm_handle=0x444d8f0
Checking comm_handle structure:
  comm_handle->num_requests = 4
  comm_handle->requests = 0x444d8d0
After macro expansion: requests=0x444d8d0, num_requests=4
Entering num_requests
after num_requests 
after jxf_TFree(requests)
after jxf_TFree(comm_handle)
Entering jxf_ParBSRCommHandleDestroy
after jxf_ParBSRCommHandleDestroy, comm_handle=0x2581390
Checking comm_handle structure:
  comm_handle->num_requests = 4
  comm_handle->requests = 0x55556f0
After macro expansion: requests=0x55556f0, num_requests=4
Entering num_requests
after num_requests 
after jxf_TFree(requests)
after jxf_TFree(comm_handle)
Entering jxf_ParBSRCommHandleDestroy
after jxf_ParBSRCommHandleDestroy, comm_handle=0x54d2330
Checking comm_handle structure:
  comm_handle->num_requests = 6
  comm_handle->requests = 0x54d2310
After macro expansion: requests=0x54d2310, num_requests=6
Entering num_requests
Entering jxf_ParBSRCommHandleDestroy
after jxf_ParBSRCommHandleDestroy, comm_handle=0x56b5e20
Checking comm_handle structure:
  comm_handle->num_requests = 6
  comm_handle->requests = 0x56b5e00
After macro expansion: requests=0x56b5e00, num_requests=6
Entering num_requests
after num_requests 
after jxf_TFree(requests)
after jxf_TFree(comm_handle)
after num_requests 
after jxf_TFree(requests)
after jxf_TFree(comm_handle)
Entering jxf_ParBSRCommHandleDestroy
after jxf_ParBSRCommHandleDestroy, comm_handle=0x444d8f0
Checking comm_handle structure:
  comm_handle->num_requests = 4
  comm_handle->requests = 0x444d8d0
After macro expansion: requests=0x444d8d0, num_requests=4
Entering num_requests
after num_requests 
after jxf_TFree(requests)
after jxf_TFree(comm_handle)
vecR_norm_after = 0.842265
vecR_norm_after = 0.842265
vecR_norm_after = 0.842265
vecR_norm_after = 0.842265
    3    6.606650e-01    0.999941   9.997890e-01
vecR_norm_before = 0.000000
vecR_norm_before = 0.000000
vecR_norm_before = 0.000000
vecR_norm_before = 0.000000
Entering jxf_ParBSRCommHandleDestroy
after jxf_ParBSRCommHandleDestroy, comm_handle=0x25813b0
Checking comm_handle structure:
  comm_handle->num_requests = 4
  comm_handle->requests = 0x2581390
After macro expansion: requests=0x2581390, num_requests=4
Entering num_requests
Entering jxf_ParBSRCommHandleDestroy
after jxf_ParBSRCommHandleDestroy, comm_handle=0x56b5f40
Checking comm_handle structure:
  comm_handle->num_requests = 6
  comm_handle->requests = 0x56b5f20
After macro expansion: requests=0x56b5f20, num_requests=6
Entering num_requests
after num_requests 
after jxf_TFree(requests)
after jxf_TFree(comm_handle)
after num_requests 
after jxf_TFree(requests)
after jxf_TFree(comm_handle)
Entering jxf_ParBSRCommHandleDestroy
after jxf_ParBSRCommHandleDestroy, comm_handle=0x444da10
Checking comm_handle structure:
  comm_handle->num_requests = 4
  comm_handle->requests = 0x444d9f0
After macro expansion: requests=0x444d9f0, num_requests=4
Entering num_requests
after num_requests 
after jxf_TFree(requests)
after jxf_TFree(comm_handle)
Entering jxf_ParBSRCommHandleDestroy
after jxf_ParBSRCommHandleDestroy, comm_handle=0x54d2450
Checking comm_handle structure:
  comm_handle->num_requests = 6
  comm_handle->requests = 0x54d2430
After macro expansion: requests=0x54d2430, num_requests=6
Entering num_requests
after num_requests 
after jxf_TFree(requests)
after jxf_TFree(comm_handle)
Entering jxf_ParBSRCommHandleDestroy
after jxf_ParBSRCommHandleDestroy, comm_handle=0x444da10
Checking comm_handle structure:
  comm_handle->num_requests = 4
  comm_handle->requests = 0x444d9f0
After macro expansion: requests=0x444d9f0, num_requests=4
Entering num_requests
Entering jxf_ParBSRCommHandleDestroy
after jxf_ParBSRCommHandleDestroy, comm_handle=0x54d2450
Checking comm_handle structure:
  comm_handle->num_requests = 6
  comm_handle->requests = 0x54d2430
After macro expansion: requests=0x54d2430, num_requests=6
Entering num_requests
after num_requests 
after jxf_TFree(requests)
after jxf_TFree(comm_handle)
Entering jxf_ParBSRCommHandleDestroy
after jxf_ParBSRCommHandleDestroy, comm_handle=0x56b5f40
Checking comm_handle structure:
  comm_handle->num_requests = 6
  comm_handle->requests = 0x56b5f20
After macro expansion: requests=0x56b5f20, num_requests=6
Entering num_requests
after num_requests 
after jxf_TFree(requests)
after jxf_TFree(comm_handle)
after num_requests 
after jxf_TFree(requests)
after jxf_TFree(comm_handle)
Entering jxf_ParBSRCommHandleDestroy
after jxf_ParBSRCommHandleDestroy, comm_handle=0x25813b0
Checking comm_handle structure:
  comm_handle->num_requests = 4
  comm_handle->requests = 0x2581390
After macro expansion: requests=0x2581390, num_requests=4
Entering num_requests
after num_requests 
after jxf_TFree(requests)
after jxf_TFree(comm_handle)
vecR_norm_after = 1.206472
vecR_norm_after = 1.206472
vecR_norm_after = 1.206472
vecR_norm_after = 1.206472
    4    6.606308e-01    0.999948   9.997373e-01
vecR_norm_before = 0.000000
vecR_norm_before = 0.000000
vecR_norm_before = 0.000000
vecR_norm_before = 0.000000
Entering jxf_ParBSRCommHandleDestroyEntering jxf_ParBSRCommHandleDestroy
after jxf_ParBSRCommHandleDestroy, comm_handle=0x25813b0
Checking comm_handle structure:
  comm_handle->num_requests = 4
  comm_handle->requests = 0x2581390
After macro expansion: requests=0x2581390, num_requests=4
Entering num_requests
Entering jxf_ParBSRCommHandleDestroy
after jxf_ParBSRCommHandleDestroy, comm_handle=0x444db30
Checking comm_handle structure:
  comm_handle->num_requests = 4
  comm_handle->requests = 0x444db10
After macro expansion: requests=0x444db10, num_requests=4
Entering num_requests
after num_requests 
after jxf_TFree(requests)
after jxf_TFree(comm_handle)

Entering jxf_ParBSRCommHandleDestroy
after num_requests 
after jxf_TFree(requests)
after jxf_TFree(comm_handle)
after jxf_ParBSRCommHandleDestroy, comm_handle=0x56b6060
Checking comm_handle structure:
  comm_handle->num_requests = 6
  comm_handle->requests = 0x56b6040
After macro expansion: requests=0x56b6040, num_requests=6
Entering num_requests
after jxf_ParBSRCommHandleDestroy, comm_handle=0x4f37840
after num_requests 
after jxf_TFree(requests)
after jxf_TFree(comm_handle)
Checking comm_handle structure:
  comm_handle->num_requests = 6
  comm_handle->requests = 0x4f37820
After macro expansion: requests=0x4f37820, num_requests=6
Entering num_requests
after num_requests 
after jxf_TFree(requests)
after jxf_TFree(comm_handle)
Entering jxf_ParBSRCommHandleDestroy
after jxf_ParBSRCommHandleDestroy, comm_handle=0x25813b0
Checking comm_handle structure:
  comm_handle->num_requests = 4
  comm_handle->requests = 0x2581390
After macro expansion: requests=0x2581390, num_requests=4
Entering num_requests
after num_requests 
after jxf_TFree(requests)
after jxf_TFree(comm_handle)
Entering jxf_ParBSRCommHandleDestroy
after jxf_ParBSRCommHandleDestroy, comm_handle=0x56b6060
Checking comm_handle structure:
  comm_handle->num_requests = 6
  comm_handle->requests = 0x56b6040
After macro expansion: requests=0x56b6040, num_requests=6
Entering num_requests
Entering jxf_ParBSRCommHandleDestroy
after jxf_ParBSRCommHandleDestroy, comm_handle=0x4f37840
Checking comm_handle structure:
  comm_handle->num_requests = 6
  comm_handle->requests = 0x54d2510
After macro expansion: requests=0x54d2510, num_requests=6
Entering num_requests
after num_requests 
after jxf_TFree(requests)
after jxf_TFree(comm_handle)
after num_requests 
after jxf_TFree(requests)
after jxf_TFree(comm_handle)
Entering jxf_ParBSRCommHandleDestroy
after jxf_ParBSRCommHandleDestroy, comm_handle=0x444db30
Checking comm_handle structure:
  comm_handle->num_requests = 4
  comm_handle->requests = 0x444db10
After macro expansion: requests=0x444db10, num_requests=4
Entering num_requests
after num_requests 
after jxf_TFree(requests)
after jxf_TFree(comm_handle)
vecR_norm_after = 1.674953
vecR_norm_after = 1.674953
vecR_norm_after = 1.674953
vecR_norm_after = 1.674953
    5    6.605973e-01    0.999949   9.996867e-01
Entering jxf_ParBSRCommHandleDestroyEntering jxf_ParBSRCommHandleDestroy
after jxf_ParBSRCommHandleDestroy, comm_handle=0x25813b0
Checking comm_handle structure:
  comm_handle->num_requests = 4
  comm_handle->requests = 0x2581390
After macro expansion: requests=0x2581390, num_requests=4
Entering num_requests
after num_requests 
after jxf_TFree(requests)
after jxf_TFree(comm_handle)
Entering jxf_ParBSRCommHandleDestroy
after jxf_ParBSRCommHandleDestroy, comm_handle=0x56b6180
Checking comm_handle structure:
  comm_handle->num_requests = 6
  comm_handle->requests = 0x56b6160
After macro expansion: requests=0x56b6160, num_requests=6
Entering num_requests
Entering jxf_ParBSRCommHandleDestroy
after jxf_ParBSRCommHandleDestroy, comm_handle=0x4f37950
Checking comm_handle structure:
  comm_handle->num_requests = 6
  comm_handle->requests = 0x4f37930
After macro expansion: requests=0x4f37930, num_requests=6
Entering num_requests
after num_requests 
after jxf_TFree(requests)
after jxf_TFree(comm_handle)

after jxf_ParBSRCommHandleDestroy, comm_handle=0x444dc50
Checking comm_handle structure:
  comm_handle->num_requests = 4
  comm_handle->requests = 0x444dc30
After macro expansion: requests=0x444dc30, num_requests=4
Entering num_requests
after num_requests after num_requests 
after jxf_TFree(requests)
after jxf_TFree(comm_handle)

after jxf_TFree(requests)
after jxf_TFree(comm_handle)
Entering jxf_ParBSRCommHandleDestroy
after jxf_ParBSRCommHandleDestroy, comm_handle=0x25813b0
Checking comm_handle structure:
  comm_handle->num_requests = 4
  comm_handle->requests = 0x2581390
After macro expansion: requests=0x2581390, num_requests=4
Entering num_requests
Entering jxf_ParBSRCommHandleDestroy
after jxf_ParBSRCommHandleDestroy, comm_handle=0x56b6180
Checking comm_handle structure:
  comm_handle->num_requests = 6
  comm_handle->requests = 0x56b6160
After macro expansion: requests=0x56b6160, num_requests=6
Entering num_requests
after num_requests 
after jxf_TFree(requests)
after jxf_TFree(comm_handle)
Entering jxf_ParBSRCommHandleDestroy
after jxf_ParBSRCommHandleDestroy, comm_handle=0x4f37950
Checking comm_handle structure:
  comm_handle->num_requests = 6
  comm_handle->requests = 0x4f37930
After macro expansion: requests=0x4f37930, num_requests=6
Entering num_requests
after num_requests 
after jxf_TFree(requests)
after jxf_TFree(comm_handle)
after num_requests 
after jxf_TFree(requests)
after jxf_TFree(comm_handle)
Entering jxf_ParBSRCommHandleDestroy
after jxf_ParBSRCommHandleDestroy, comm_handle=0x444dc50
Checking comm_handle structure:
  comm_handle->num_requests = 4
  comm_handle->requests = 0x444dc30
After macro expansion: requests=0x444dc30, num_requests=4
Entering num_requests
after num_requests 
after jxf_TFree(requests)
after jxf_TFree(comm_handle)
IR Iteration 15: Residual = 6.606038e-01 (rel = 7.304140e-02)
Initial L2 norm of residual: 6.605976e-01
=============================================

Iters     resid.norm     conv.rate  rel.res.norm(wrt.b_norm)
-----    ------------    ---------- ------------------------
vecR_norm_before = 0.000000
vecR_norm_before = 0.000000
vecR_norm_before = 0.000000
vecR_norm_before = 0.000000
Entering jxf_ParBSRCommHandleDestroyEntering jxf_ParBSRCommHandleDestroy
Entering jxf_ParBSRCommHandleDestroy
after jxf_ParBSRCommHandleDestroy, comm_handle=0x444dd70
Checking comm_handle structure:
  comm_handle->num_requests = 4
after jxf_ParBSRCommHandleDestroy, comm_handle=0x25813b0
Checking comm_handle structure:
  comm_handle->num_requests = 4
  comm_handle->requests = 0x444dd50
After macro expansion: requests=0x444dd50, num_requests=4
Entering num_requests
  comm_handle->requests = 0x2581390
After macro expansion: requests=0x2581390, num_requests=4
Entering num_requests

after num_requests 
after jxf_TFree(requests)
after jxf_TFree(comm_handle)
after num_requests after jxf_ParBSRCommHandleDestroy, comm_handle=0x4f37a70
Checking comm_handle structure:
  comm_handle->num_requests = 6
  comm_handle->requests = 0x4f37a50
After macro expansion: requests=0x4f37a50, num_requests=6
Entering num_requests
Entering jxf_ParBSRCommHandleDestroy
after jxf_ParBSRCommHandleDestroy, comm_handle=0x56b62a0
Checking comm_handle structure:
  comm_handle->num_requests = 6
  comm_handle->requests = 0x56b6280
After macro expansion: requests=0x56b6280, num_requests=6
Entering num_requests
after num_requests 
after jxf_TFree(requests)
after jxf_TFree(comm_handle)
after num_requests 
after jxf_TFree(requests)
after jxf_TFree(comm_handle)

after jxf_TFree(requests)
after jxf_TFree(comm_handle)
Entering jxf_ParBSRCommHandleDestroy
after jxf_ParBSRCommHandleDestroy, comm_handle=0x4f37a70
Checking comm_handle structure:
  comm_handle->num_requests = 6
  comm_handle->requests = 0x4f37a50
After macro expansion: requests=0x4f37a50, num_requests=6
Entering num_requests
Entering jxf_ParBSRCommHandleDestroy
after jxf_ParBSRCommHandleDestroy, comm_handle=0x56b62a0
Checking comm_handle structure:
  comm_handle->num_requests = 6
  comm_handle->requests = 0x56b6280
After macro expansion: requests=0x56b6280, num_requests=6
Entering num_requests
Entering jxf_ParBSRCommHandleDestroy
after jxf_ParBSRCommHandleDestroy, comm_handle=0x444dd70
Checking comm_handle structure:
  comm_handle->num_requests = 4
  comm_handle->requests = 0x444dd50
After macro expansion: requests=0x444dd50, num_requests=4
Entering num_requests
after num_requests 
after jxf_TFree(requests)
after jxf_TFree(comm_handle)
after num_requests 
after jxf_TFree(requests)
after jxf_TFree(comm_handle)
after num_requests 
after jxf_TFree(requests)
after jxf_TFree(comm_handle)
Entering jxf_ParBSRCommHandleDestroy
after jxf_ParBSRCommHandleDestroy, comm_handle=0x25813b0
Checking comm_handle structure:
  comm_handle->num_requests = 4
  comm_handle->requests = 0x2581390
After macro expansion: requests=0x2581390, num_requests=4
Entering num_requests
after num_requests 
after jxf_TFree(requests)
after jxf_TFree(comm_handle)
vecR_norm_after = 0.050147
vecR_norm_after = 0.050147
vecR_norm_after = 0.050147
vecR_norm_after = 0.050147
    1    6.605653e-01    0.999951   9.999510e-01
vecR_norm_before = 0.000000
vecR_norm_before = 0.000000
vecR_norm_before = 0.000000
vecR_norm_before = 0.000000
Entering jxf_ParBSRCommHandleDestroyEntering jxf_ParBSRCommHandleDestroy
after jxf_ParBSRCommHandleDestroy, comm_handle=0x4f37b90
Checking comm_handle structure:
  comm_handle->num_requests = 6
  comm_handle->requests = 0x4f37b70
After macro expansion: requests=0x4f37b70, num_requests=6
Entering num_requests
Entering jxf_ParBSRCommHandleDestroy
after jxf_ParBSRCommHandleDestroy, comm_handle=0x25813b0
Checking comm_handle structure:
  comm_handle->num_requests = 4
  comm_handle->requests = 0x2581390
After macro expansion: requests=0x2581390, num_requests=4
Entering num_requests
Entering jxf_ParBSRCommHandleDestroy
after jxf_ParBSRCommHandleDestroy, comm_handle=0x56b63c0
Checking comm_handle structure:
  comm_handle->num_requests = 6
  comm_handle->requests = 0x56b63a0
After macro expansion: requests=0x56b63a0, num_requests=6
Entering num_requests
after num_requests 
after jxf_TFree(requests)
after jxf_TFree(comm_handle)
after num_requests after num_requests 
after jxf_TFree(requests)
after jxf_TFree(comm_handle)

after jxf_ParBSRCommHandleDestroy, comm_handle=0x444de90
Checking comm_handle structure:
  comm_handle->num_requests = 4
  comm_handle->requests = 0x444de70
After macro expansion: requests=0x444de70, num_requests=4
Entering num_requests

after jxf_TFree(requests)
after jxf_TFree(comm_handle)
after num_requests 
after jxf_TFree(requests)
after jxf_TFree(comm_handle)
Entering jxf_ParBSRCommHandleDestroy
after jxf_ParBSRCommHandleDestroy, comm_handle=0x25813b0
Checking comm_handle structure:
  comm_handle->num_requests = 4
  comm_handle->requests = 0x2581390
After macro expansion: requests=0x2581390, num_requests=4
Entering num_requests
Entering jxf_ParBSRCommHandleDestroy
after jxf_ParBSRCommHandleDestroy, comm_handle=0x444de90
Checking comm_handle structure:
  comm_handle->num_requests = 4
  comm_handle->requests = 0x444de70
After macro expansion: requests=0x444de70, num_requests=4
Entering num_requests
after num_requests 
after jxf_TFree(requests)
after jxf_TFree(comm_handle)
after num_requests 
after jxf_TFree(requests)
after jxf_TFree(comm_handle)
Entering jxf_ParBSRCommHandleDestroy
after jxf_ParBSRCommHandleDestroy, comm_handle=0x56b63c0
Checking comm_handle structure:
  comm_handle->num_requests = 6
  comm_handle->requests = 0x56b63a0
After macro expansion: requests=0x56b63a0, num_requests=6
Entering num_requests
after num_requests 
after jxf_TFree(requests)
after jxf_TFree(comm_handle)
Entering jxf_ParBSRCommHandleDestroy
after jxf_ParBSRCommHandleDestroy, comm_handle=0x4f37b90
Checking comm_handle structure:
  comm_handle->num_requests = 6
  comm_handle->requests = 0x4f37b70
After macro expansion: requests=0x4f37b70, num_requests=6
Entering num_requests
after num_requests 
after jxf_TFree(requests)
after jxf_TFree(comm_handle)
vecR_norm_after = 1.006412
vecR_norm_after = 1.006412
vecR_norm_after = 1.006412
vecR_norm_after = 1.006412
    2    6.605366e-01    0.999957   9.999076e-01
vecR_norm_before = 0.000000
vecR_norm_before = 0.000000
vecR_norm_before = 0.000000
vecR_norm_before = 0.000000
Entering jxf_ParBSRCommHandleDestroyEntering jxf_ParBSRCommHandleDestroyEntering jxf_ParBSRCommHandleDestroy
after jxf_ParBSRCommHandleDestroy, comm_handle=0x444dfb0
Checking comm_handle structure:
  comm_handle->num_requests = 4
  comm_handle->requests = 0x444df90
After macro expansion: requests=0x444df90, num_requests=4
Entering num_requests

after jxf_ParBSRCommHandleDestroy, comm_handle=0x4f37cb0
Checking comm_handle structure:
  comm_handle->num_requests = 6
  comm_handle->requests = 0x4f37c90
After macro expansion: requests=0x4f37c90, num_requests=6
Entering num_requests
after num_requests 
after jxf_TFree(requests)
after jxf_TFree(comm_handle)Entering jxf_ParBSRCommHandleDestroy
after jxf_ParBSRCommHandleDestroy, comm_handle=0x56b64e0
after num_requests 
after jxf_TFree(requests)
after jxf_TFree(comm_handle)

Checking comm_handle structure:
  comm_handle->num_requests = 6
  comm_handle->requests = 0x56b64c0
After macro expansion: requests=0x56b64c0, num_requests=6
Entering num_requests

after num_requests 
after jxf_TFree(requests)
after jxf_TFree(comm_handle)
after jxf_ParBSRCommHandleDestroy, comm_handle=0x25813b0
Checking comm_handle structure:
  comm_handle->num_requests = 4
  comm_handle->requests = 0x2581390
After macro expansion: requests=0x2581390, num_requests=4
Entering num_requests
after num_requests 
after jxf_TFree(requests)
after jxf_TFree(comm_handle)
Entering jxf_ParBSRCommHandleDestroy
after jxf_ParBSRCommHandleDestroy, comm_handle=0x444dfb0
Checking comm_handle structure:
  comm_handle->num_requests = 4
  comm_handle->requests = 0x444df90
After macro expansion: requests=0x444df90, num_requests=4
Entering num_requests
Entering jxf_ParBSRCommHandleDestroy
after jxf_ParBSRCommHandleDestroy, comm_handle=0x4f37cb0
Checking comm_handle structure:
  comm_handle->num_requests = 6
  comm_handle->requests = 0x4f37c90
After macro expansion: requests=0x4f37c90, num_requests=6
Entering num_requests
after num_requests 
after jxf_TFree(requests)
after jxf_TFree(comm_handle)
after num_requests 
after jxf_TFree(requests)
after jxf_TFree(comm_handle)
Entering jxf_ParBSRCommHandleDestroy
after jxf_ParBSRCommHandleDestroy, comm_handle=0x25813b0
Checking comm_handle structure:
  comm_handle->num_requests = 4
  comm_handle->requests = 0x2581390
After macro expansion: requests=0x2581390, num_requests=4
Entering num_requests
after num_requests 
after jxf_TFree(requests)
Entering jxf_ParBSRCommHandleDestroy
after jxf_ParBSRCommHandleDestroy, comm_handle=0x56b64e0
Checking comm_handle structure:
  comm_handle->num_requests = 6
  comm_handle->requests = 0x56b64c0
After macro expansion: requests=0x56b64c0, num_requests=6
Entering num_requests
after jxf_TFree(comm_handle)
after num_requests 
after jxf_TFree(requests)
after jxf_TFree(comm_handle)
vecR_norm_after = 0.672111
vecR_norm_after = 0.672111
vecR_norm_after = 0.672111
vecR_norm_after = 0.672111
    3    6.605156e-01    0.999968   9.998758e-01
vecR_norm_before = 0.000000
vecR_norm_before = 0.000000
vecR_norm_before = 0.000000
vecR_norm_before = 0.000000
Entering jxf_ParBSRCommHandleDestroyEntering jxf_ParBSRCommHandleDestroy
after jxf_ParBSRCommHandleDestroy, comm_handle=0x4f37dd0
Checking comm_handle structure:
  comm_handle->num_requests = 6
  comm_handle->requests = 0x4f37db0
After macro expansion: requests=0x4f37db0, num_requests=6
Entering num_requests
Entering jxf_ParBSRCommHandleDestroy
after jxf_ParBSRCommHandleDestroy, comm_handle=0x55c2350
Checking comm_handle structure:
  comm_handle->num_requests = 6
  comm_handle->requests = 0x55c2330
After macro expansion: requests=0x55c2330, num_requests=6
Entering jxf_ParBSRCommHandleDestroy
after jxf_ParBSRCommHandleDestroy, comm_handle=0x444e0d0
after num_requests 
after jxf_TFree(requests)
after jxf_TFree(comm_handle)
Entering num_requests
Checking comm_handle structure:
  comm_handle->num_requests = 4
  comm_handle->requests = 0x444e0b0
After macro expansion: requests=0x444e0b0, num_requests=4
Entering num_requests
after num_requests 
after jxf_TFree(requests)
after jxf_TFree(comm_handle)
after num_requests 
after jxf_TFree(requests)
after jxf_TFree(comm_handle)

after jxf_ParBSRCommHandleDestroy, comm_handle=0x25813b0
Checking comm_handle structure:
  comm_handle->num_requests = 4
  comm_handle->requests = 0x2581390
After macro expansion: requests=0x2581390, num_requests=4
Entering num_requests
after num_requests 
after jxf_TFree(requests)
after jxf_TFree(comm_handle)
Entering jxf_ParBSRCommHandleDestroy
after jxf_ParBSRCommHandleDestroy, comm_handle=0x444e0d0
Checking comm_handle structure:
  comm_handle->num_requests = 4
  comm_handle->requests = 0x444e0b0
After macro expansion: requests=0x444e0b0, num_requests=4
Entering num_requests
Entering jxf_ParBSRCommHandleDestroy
after num_requests 
after jxf_TFree(requests)
after jxf_TFree(comm_handle)
after jxf_ParBSRCommHandleDestroy, comm_handle=0x55c2350
Checking comm_handle structure:
  comm_handle->num_requests = 6
  comm_handle->requests = 0x55c2330
After macro expansion: requests=0x55c2330, num_requests=6
Entering num_requests
after num_requests 
after jxf_TFree(requests)
after jxf_TFree(comm_handle)
Entering jxf_ParBSRCommHandleDestroy
after jxf_ParBSRCommHandleDestroy, comm_handle=0x4f37dd0
Checking comm_handle structure:
  comm_handle->num_requests = 6
  comm_handle->requests = 0x4f37db0
After macro expansion: requests=0x4f37db0, num_requests=6
Entering num_requests
after num_requests 
after jxf_TFree(requests)
after jxf_TFree(comm_handle)
Entering jxf_ParBSRCommHandleDestroy
after jxf_ParBSRCommHandleDestroy, comm_handle=0x25813b0
Checking comm_handle structure:
  comm_handle->num_requests = 4
  comm_handle->requests = 0x2581390
After macro expansion: requests=0x2581390, num_requests=4
Entering num_requests
after num_requests 
after jxf_TFree(requests)
after jxf_TFree(comm_handle)
vecR_norm_after = 1.714525
vecR_norm_after = 1.714525
vecR_norm_after = 1.714525
vecR_norm_after = 1.714525
    4    6.604944e-01    0.999968   9.998437e-01
vecR_norm_before = 0.000000
vecR_norm_before = 0.000000
vecR_norm_before = 0.000000
vecR_norm_before = 0.000000
Entering jxf_ParBSRCommHandleDestroyEntering jxf_ParBSRCommHandleDestroy
after jxf_ParBSRCommHandleDestroy, comm_handle=0x55c2470
Checking comm_handle structure:
Entering jxf_ParBSRCommHandleDestroy
after jxf_ParBSRCommHandleDestroy, comm_handle=0x4f37ef0
Checking comm_handle structure:
  comm_handle->num_requests = 6
  comm_handle->requests = 0x4f37ed0
After macro expansion: requests=0x4f37ed0, num_requests=6
Entering num_requests
  comm_handle->num_requests = 6
  comm_handle->requests = 0x55c2450
After macro expansion: requests=0x55c2450, num_requests=6
Entering num_requests
after num_requests 
after jxf_TFree(requests)
after num_requests 
after jxf_TFree(requests)
after jxf_TFree(comm_handle)
Entering jxf_ParBSRCommHandleDestroy
after jxf_ParBSRCommHandleDestroy, comm_handle=0x444e1f0
Checking comm_handle structure:
  comm_handle->num_requests = 4
  comm_handle->requests = 0x444e1d0
After macro expansion: requests=0x444e1d0, num_requests=4
Entering num_requests
after jxf_TFree(comm_handle)
after num_requests 
after jxf_TFree(requests)
after jxf_TFree(comm_handle)

after jxf_ParBSRCommHandleDestroy, comm_handle=0x25813b0
Checking comm_handle structure:
  comm_handle->num_requests = 4
  comm_handle->requests = 0x2581390
After macro expansion: requests=0x2581390, num_requests=4
Entering num_requests
after num_requests 
after jxf_TFree(requests)
after jxf_TFree(comm_handle)
Entering jxf_ParBSRCommHandleDestroy
after jxf_ParBSRCommHandleDestroy, comm_handle=0x444e1f0
Checking comm_handle structure:
  comm_handle->num_requests = 4
  comm_handle->requests = 0x444e1d0
After macro expansion: requests=0x444e1d0, num_requests=4
Entering num_requests
after num_requests 
after jxf_TFree(requests)
after jxf_TFree(comm_handle)
Entering jxf_ParBSRCommHandleDestroy
after jxf_ParBSRCommHandleDestroy, comm_handle=0x55c2470
Checking comm_handle structure:
  comm_handle->num_requests = 6
  comm_handle->requests = 0x55c2450
After macro expansion: requests=0x55c2450, num_requests=6
Entering num_requests
Entering jxf_ParBSRCommHandleDestroy
after jxf_ParBSRCommHandleDestroy, comm_handle=0x4f37ef0
Checking comm_handle structure:
  comm_handle->num_requests = 6
  comm_handle->requests = 0x4f37ed0
After macro expansion: requests=0x4f37ed0, num_requests=6
Entering num_requests
after num_requests 
after jxf_TFree(requests)
after num_requests 
after jxf_TFree(requests)
after jxf_TFree(comm_handle)
after jxf_TFree(comm_handle)
Entering jxf_ParBSRCommHandleDestroy
after jxf_ParBSRCommHandleDestroy, comm_handle=0x25813b0
Checking comm_handle structure:
  comm_handle->num_requests = 4
  comm_handle->requests = 0x2581390
After macro expansion: requests=0x2581390, num_requests=4
Entering num_requests
after num_requests 
after jxf_TFree(requests)
after jxf_TFree(comm_handle)
vecR_norm_after = 1.569802
vecR_norm_after = 1.569802
vecR_norm_after = 1.569802
vecR_norm_after = 1.569802
    5    6.604762e-01    0.999972   9.998162e-01
Entering jxf_ParBSRCommHandleDestroy
after jxf_ParBSRCommHandleDestroy, comm_handle=0x4f38010
Checking comm_handle structure:
  comm_handle->num_requests = 6
  comm_handle->requests = 0x4f37ff0
After macro expansion: requests=0x4f37ff0, num_requests=6
Entering num_requests
Entering jxf_ParBSRCommHandleDestroy
after jxf_ParBSRCommHandleDestroy, comm_handle=0x55c2590
Checking comm_handle structure:
  comm_handle->num_requests = 6
  comm_handle->requests = 0x55c2570
After macro expansion: requests=0x55c2570, num_requests=6
Entering num_requests
after num_requests 
after jxf_TFree(requests)
after jxf_TFree(comm_handle)
after num_requests 
after jxf_TFree(requests)
after jxf_TFree(comm_handle)
Entering jxf_ParBSRCommHandleDestroy
after jxf_ParBSRCommHandleDestroy, comm_handle=0x444e310
Checking comm_handle structure:
  comm_handle->num_requests = 4
  comm_handle->requests = 0x444e2f0
After macro expansion: requests=0x444e2f0, num_requests=4
Entering num_requests
after num_requests 
after jxf_TFree(requests)
after jxf_TFree(comm_handle)
Entering jxf_ParBSRCommHandleDestroy
after jxf_ParBSRCommHandleDestroy, comm_handle=0x2589de0
Checking comm_handle structure:
  comm_handle->num_requests = 4
  comm_handle->requests = 0x2589dc0
After macro expansion: requests=0x2589dc0, num_requests=4
Entering num_requests
after num_requests 
after jxf_TFree(requests)
after jxf_TFree(comm_handle)
Entering jxf_ParBSRCommHandleDestroy
after jxf_ParBSRCommHandleDestroy, comm_handle=0x55c2590
Checking comm_handle structure:
  comm_handle->num_requests = 6
  comm_handle->requests = 0x55c2570
After macro expansion: requests=0x55c2570, num_requests=6
Entering num_requests
Entering jxf_ParBSRCommHandleDestroy
after jxf_ParBSRCommHandleDestroy, comm_handle=0x4f38010
Checking comm_handle structure:
  comm_handle->num_requests = 6
  comm_handle->requests = 0x4f37ff0
After macro expansion: requests=0x4f37ff0, num_requests=6
Entering num_requests
Entering jxf_ParBSRCommHandleDestroy
after jxf_ParBSRCommHandleDestroy, comm_handle=0x444e310
Checking comm_handle structure:
  comm_handle->num_requests = 4
  comm_handle->requests = 0x444e2f0
After macro expansion: requests=0x444e2f0, num_requests=4
Entering num_requests
after num_requests 
after jxf_TFree(requests)
after jxf_TFree(comm_handle)
after num_requests 
after jxf_TFree(requests)
after jxf_TFree(comm_handle)
after num_requests 
after jxf_TFree(requests)
after jxf_TFree(comm_handle)
Entering jxf_ParBSRCommHandleDestroy
after jxf_ParBSRCommHandleDestroy, comm_handle=0x2589de0
Checking comm_handle structure:
  comm_handle->num_requests = 4
  comm_handle->requests = 0x2589dc0
After macro expansion: requests=0x2589dc0, num_requests=4
Entering num_requests
after num_requests 
after jxf_TFree(requests)
after jxf_TFree(comm_handle)
IR Iteration 16: Residual = 6.604824e-01 (rel = 7.302797e-02)
Initial L2 norm of residual: 6.604762e-01
=============================================

Iters     resid.norm     conv.rate  rel.res.norm(wrt.b_norm)
-----    ------------    ---------- ------------------------
vecR_norm_before = 0.000000
vecR_norm_before = 0.000000
vecR_norm_before = 0.000000
vecR_norm_before = 0.000000
Entering jxf_ParBSRCommHandleDestroyEntering jxf_ParBSRCommHandleDestroy
after jxf_ParBSRCommHandleDestroy, comm_handle=0x4f38130
Checking comm_handle structure:
  comm_handle->num_requests = 6
  comm_handle->requests = 0x4f38110
After macro expansion: requests=0x4f38110, num_requests=6
Entering num_requests
after num_requests Entering jxf_ParBSRCommHandleDestroy
after jxf_ParBSRCommHandleDestroy, comm_handle=0x55c26b0

after jxf_TFree(requests)
after jxf_TFree(comm_handle)
Checking comm_handle structure:
  comm_handle->num_requests = 6
  comm_handle->requests = 0x55c2690
After macro expansion: requests=0x55c2690, num_requests=6
Entering num_requests
Entering jxf_ParBSRCommHandleDestroy
after jxf_ParBSRCommHandleDestroy, comm_handle=0x444e430
Checking comm_handle structure:
  comm_handle->num_requests = 4
  comm_handle->requests = 0x444e410
After macro expansion: requests=0x444e410, num_requests=4
Entering num_requests
after num_requests 
after jxf_TFree(requests)
after jxf_TFree(comm_handle)
after num_requests 
after jxf_TFree(requests)
after jxf_TFree(comm_handle)

after jxf_ParBSRCommHandleDestroy, comm_handle=0x2589f10
Checking comm_handle structure:
  comm_handle->num_requests = 4
  comm_handle->requests = 0x2589ef0
After macro expansion: requests=0x2589ef0, num_requests=4
Entering num_requests
after num_requests 
after jxf_TFree(requests)
after jxf_TFree(comm_handle)
Entering jxf_ParBSRCommHandleDestroy
after jxf_ParBSRCommHandleDestroy, comm_handle=0x444e430
Checking comm_handle structure:
  comm_handle->num_requests = 4
  comm_handle->requests = 0x444e410
After macro expansion: requests=0x444e410, num_requests=4
Entering num_requests
after num_requests 
after jxf_TFree(requests)
after jxf_TFree(comm_handle)
Entering jxf_ParBSRCommHandleDestroy
after jxf_ParBSRCommHandleDestroy, comm_handle=0x4f38130
Checking comm_handle structure:
  comm_handle->num_requests = 6
  comm_handle->requests = 0x4f38110
After macro expansion: requests=0x4f38110, num_requests=6
Entering num_requests
after num_requests 
after jxf_TFree(requests)
after jxf_TFree(comm_handle)
Entering jxf_ParBSRCommHandleDestroy
after jxf_ParBSRCommHandleDestroy, comm_handle=0x55c26b0
Checking comm_handle structure:
  comm_handle->num_requests = 6
  comm_handle->requests = 0x55c2690
After macro expansion: requests=0x55c2690, num_requests=6
Entering num_requests
after num_requests 
after jxf_TFree(requests)
after jxf_TFree(comm_handle)
Entering jxf_ParBSRCommHandleDestroy
after jxf_ParBSRCommHandleDestroy, comm_handle=0x2589f10
Checking comm_handle structure:
  comm_handle->num_requests = 4
  comm_handle->requests = 0x2589ef0
After macro expansion: requests=0x2589ef0, num_requests=4
Entering num_requests
after num_requests 
after jxf_TFree(requests)
after jxf_TFree(comm_handle)
vecR_norm_after = 0.065788
vecR_norm_after = 0.065788
vecR_norm_after = 0.065788
vecR_norm_after = 0.065788
    1    6.604582e-01    0.999973   9.999726e-01
vecR_norm_before = 0.000000
vecR_norm_before = 0.000000
vecR_norm_before = 0.000000
vecR_norm_before = 0.000000
Entering jxf_ParBSRCommHandleDestroyEntering jxf_ParBSRCommHandleDestroy
after jxf_ParBSRCommHandleDestroy, comm_handle=0x444e550
Checking comm_handle structure:
  comm_handle->num_requests = 4
  comm_handle->requests = 0x444e530
After macro expansion: requests=0x444e530, num_requests=4
Entering num_requests
Entering jxf_ParBSRCommHandleDestroy
after jxf_ParBSRCommHandleDestroy, comm_handle=0x4f38250
Checking comm_handle structure:
  comm_handle->num_requests = 6
  comm_handle->requests = 0x4f38230
After macro expansion: requests=0x4f38230, num_requests=6
Entering num_requests
Entering jxf_ParBSRCommHandleDestroy
after jxf_ParBSRCommHandleDestroy, comm_handle=0x55c27d0
Checking comm_handle structure:
  comm_handle->num_requests = 6
after num_requests 
after jxf_TFree(requests)
after jxf_TFree(comm_handle)
  comm_handle->requests = 0x55c27b0
After macro expansion: requests=0x55c27b0, num_requests=6
Entering num_requests
after num_requests 
after jxf_TFree(requests)
after jxf_TFree(comm_handle)

after num_requests 
after jxf_TFree(requests)
after jxf_TFree(comm_handle)
after jxf_ParBSRCommHandleDestroy, comm_handle=0x258a030
Checking comm_handle structure:
  comm_handle->num_requests = 4
  comm_handle->requests = 0x258a010
After macro expansion: requests=0x258a010, num_requests=4
Entering num_requests
after num_requests 
after jxf_TFree(requests)
after jxf_TFree(comm_handle)
Entering jxf_ParBSRCommHandleDestroy
after jxf_ParBSRCommHandleDestroy, comm_handle=0x444e550
Checking comm_handle structure:
  comm_handle->num_requests = 4
  comm_handle->requests = 0x444e530
After macro expansion: requests=0x444e530, num_requests=4
Entering num_requests
after num_requests 
after jxf_TFree(requests)
after jxf_TFree(comm_handle)
Entering jxf_ParBSRCommHandleDestroy
after jxf_ParBSRCommHandleDestroy, comm_handle=0x258a030
Checking comm_handle structure:
  comm_handle->num_requests = 4
  comm_handle->requests = 0x258a010
After macro expansion: requests=0x258a010, num_requests=4
Entering num_requests
Entering jxf_ParBSRCommHandleDestroy
after num_requests 
after jxf_ParBSRCommHandleDestroy, comm_handle=0x55c27d0
Checking comm_handle structure:
  comm_handle->num_requests = 6
  comm_handle->requests = 0x55c27b0
After macro expansion: requests=0x55c27b0, num_requests=6
Entering num_requests
after jxf_TFree(requests)
after jxf_TFree(comm_handle)
after num_requests 
after jxf_TFree(requests)
after jxf_TFree(comm_handle)
Entering jxf_ParBSRCommHandleDestroy
after jxf_ParBSRCommHandleDestroy, comm_handle=0x4f38250
Checking comm_handle structure:
  comm_handle->num_requests = 6
  comm_handle->requests = 0x4f38230
After macro expansion: requests=0x4f38230, num_requests=6
Entering num_requests
after num_requests 
after jxf_TFree(requests)
after jxf_TFree(comm_handle)
vecR_norm_after = 0.293021
vecR_norm_after = 0.293021
vecR_norm_after = 0.293021
vecR_norm_after = 0.293021
    2    6.604411e-01    0.999974   9.999468e-01
vecR_norm_before = 0.000000
vecR_norm_before = 0.000000
vecR_norm_before = 0.000000
vecR_norm_before = 0.000000
Entering jxf_ParBSRCommHandleDestroy
after jxf_ParBSRCommHandleDestroy, comm_handle=0x444e670
Checking comm_handle structure:
  comm_handle->num_requests = 4
  comm_handle->requests = 0x444e650
After macro expansion: requests=0x444e650, num_requests=4
Entering num_requests
Entering jxf_ParBSRCommHandleDestroy
after jxf_ParBSRCommHandleDestroy, comm_handle=0x4f38370
Checking comm_handle structure:
  comm_handle->num_requests = 6
  comm_handle->requests = 0x4f38350
After macro expansion: requests=0x4f38350, num_requests=6
Entering num_requests
after num_requests 
after jxf_TFree(requests)
after jxf_TFree(comm_handle)
Entering jxf_ParBSRCommHandleDestroy
after jxf_ParBSRCommHandleDestroy, comm_handle=0x55c28f0
Checking comm_handle structure:
  comm_handle->num_requests = 6
  comm_handle->requests = 0x55c28d0
After macro expansion: requests=0x55c28d0, num_requests=6
Entering num_requests
after num_requests 
after jxf_TFree(requests)
after jxf_TFree(comm_handle)
after num_requests 
after jxf_TFree(requests)
after jxf_TFree(comm_handle)
Entering jxf_ParBSRCommHandleDestroy
after jxf_ParBSRCommHandleDestroy, comm_handle=0x258a150
Checking comm_handle structure:
  comm_handle->num_requests = 4
  comm_handle->requests = 0x258a130
After macro expansion: requests=0x258a130, num_requests=4
Entering num_requests
after num_requests 
after jxf_TFree(requests)
after jxf_TFree(comm_handle)
Entering jxf_ParBSRCommHandleDestroy
after jxf_ParBSRCommHandleDestroy, comm_handle=0x55c28f0
Checking comm_handle structure:
  comm_handle->num_requests = 6
  comm_handle->requests = 0x55c28d0
After macro expansion: requests=0x55c28d0, num_requests=6
Entering num_requests
Entering jxf_ParBSRCommHandleDestroy
after jxf_ParBSRCommHandleDestroy, comm_handle=0x4f38370
Checking comm_handle structure:
  comm_handle->num_requests = 6
  comm_handle->requests = 0x4f38350
After macro expansion: requests=0x4f38350, num_requests=6
Entering num_requests
Entering jxf_ParBSRCommHandleDestroy
after jxf_ParBSRCommHandleDestroy, comm_handle=0x444e670
Checking comm_handle structure:
  comm_handle->num_requests = 4
  comm_handle->requests = 0x444e650
After macro expansion: requests=0x444e650, num_requests=4
Entering num_requests
after num_requests 
after jxf_TFree(requests)
after jxf_TFree(comm_handle)
after num_requests 
after jxf_TFree(requests)
after jxf_TFree(comm_handle)
after num_requests 
after jxf_TFree(requests)
after jxf_TFree(comm_handle)
Entering jxf_ParBSRCommHandleDestroy
after jxf_ParBSRCommHandleDestroy, comm_handle=0x258a150
Checking comm_handle structure:
  comm_handle->num_requests = 4
  comm_handle->requests = 0x258a130
After macro expansion: requests=0x258a130, num_requests=4
Entering num_requests
after num_requests 
after jxf_TFree(requests)
after jxf_TFree(comm_handle)
vecR_norm_after = 2.000473
vecR_norm_after = 2.000473
vecR_norm_after = 2.000473
vecR_norm_after = 2.000473
    3    6.604285e-01    0.999981   9.999276e-01
vecR_norm_before = 0.000000
vecR_norm_before = 0.000000
vecR_norm_before = 0.000000
vecR_norm_before = 0.000000
Entering jxf_ParBSRCommHandleDestroy
after jxf_ParBSRCommHandleDestroy, comm_handle=0x258a270
Checking comm_handle structure:
  comm_handle->num_requests = 4
  comm_handle->requests = 0x258a250
After macro expansion: requests=0x258a250, num_requests=4
Entering num_requestsEntering jxf_ParBSRCommHandleDestroy
after num_requests 
after jxf_TFree(requests)
Entering jxf_ParBSRCommHandleDestroy
after jxf_ParBSRCommHandleDestroy, comm_handle=0x444e790
Checking comm_handle structure:
  comm_handle->num_requests = 4
  comm_handle->requests = 0x444e770
After macro expansion: requests=0x444e770, num_requests=4
Entering num_requests
after jxf_TFree(comm_handle)
Entering jxf_ParBSRCommHandleDestroy
after jxf_ParBSRCommHandleDestroy, comm_handle=0x55c2a10
Checking comm_handle structure:
  comm_handle->num_requests = 6
  comm_handle->requests = 0x55c29f0
After macro expansion: requests=0x55c29f0, num_requests=6
Entering num_requestsafter num_requests 
after jxf_TFree(requests)
after jxf_TFree(comm_handle)

after num_requests 
after jxf_TFree(requests)
after jxf_TFree(comm_handle)

after jxf_ParBSRCommHandleDestroy, comm_handle=0x4f38490
Checking comm_handle structure:
  comm_handle->num_requests = 6
  comm_handle->requests = 0x4f38470
After macro expansion: requests=0x4f38470, num_requests=6
Entering num_requests
after num_requests 
after jxf_TFree(requests)
after jxf_TFree(comm_handle)
Entering jxf_ParBSRCommHandleDestroy
after jxf_ParBSRCommHandleDestroy, comm_handle=0x258a270
Checking comm_handle structure:
  comm_handle->num_requests = 4
  comm_handle->requests = 0x258a250
After macro expansion: requests=0x258a250, num_requests=4
Entering num_requests
Entering jxf_ParBSRCommHandleDestroy
after jxf_ParBSRCommHandleDestroy, comm_handle=0x444e790
Checking comm_handle structure:
  comm_handle->num_requests = 4
  comm_handle->requests = 0x444e770
After macro expansion: requests=0x444e770, num_requests=4
Entering num_requestsafter num_requests 
after jxf_TFree(requests)
after jxf_TFree(comm_handle)

after num_requests 
after jxf_TFree(requests)
after jxf_TFree(comm_handle)
Entering jxf_ParBSRCommHandleDestroy
after jxf_ParBSRCommHandleDestroy, comm_handle=0x55c2a10
Checking comm_handle structure:
  comm_handle->num_requests = 6
  comm_handle->requests = 0x55c29f0
After macro expansion: requests=0x55c29f0, num_requests=6
Entering num_requests
after num_requests 
after jxf_TFree(requests)
after jxf_TFree(comm_handle)
Entering jxf_ParBSRCommHandleDestroy
after jxf_ParBSRCommHandleDestroy, comm_handle=0x4f38490
Checking comm_handle structure:
  comm_handle->num_requests = 6
  comm_handle->requests = 0x4f38470
After macro expansion: requests=0x4f38470, num_requests=6
Entering num_requests
after num_requests 
after jxf_TFree(requests)
after jxf_TFree(comm_handle)
vecR_norm_after = 2.809960
vecR_norm_after = 2.809960
vecR_norm_after = 2.809960
vecR_norm_after = 2.809960
    4    6.604160e-01    0.999981   9.999087e-01
vecR_norm_before = 0.000000
vecR_norm_before = 0.000000
vecR_norm_before = 0.000000
vecR_norm_before = 0.000000
Entering jxf_ParBSRCommHandleDestroy
after jxf_ParBSRCommHandleDestroy, comm_handle=0x444e8b0
Checking comm_handle structure:
  comm_handle->num_requests = 4
  comm_handle->requests = 0x444e890
After macro expansion: requests=0x444e890, num_requests=4
Entering num_requests
after num_requests 
after jxf_TFree(requests)
after jxf_TFree(comm_handle)
Entering jxf_ParBSRCommHandleDestroy
after jxf_ParBSRCommHandleDestroy, comm_handle=0x4f385b0
Checking comm_handle structure:
  comm_handle->num_requests = 6
  comm_handle->requests = 0x4f38590
After macro expansion: requests=0x4f38590, num_requests=6
Entering num_requests
after num_requests 
after jxf_TFree(requests)
after jxf_TFree(comm_handle)
Entering jxf_ParBSRCommHandleDestroy
after jxf_ParBSRCommHandleDestroy, comm_handle=0x258a390
Checking comm_handle structure:
  comm_handle->num_requests = 4
  comm_handle->requests = 0x258a370
After macro expansion: requests=0x258a370, num_requests=4
Entering num_requests
after num_requests 
after jxf_TFree(requests)
after jxf_TFree(comm_handle)
Entering jxf_ParBSRCommHandleDestroy
after jxf_ParBSRCommHandleDestroy, comm_handle=0x55c2b30
Checking comm_handle structure:
  comm_handle->num_requests = 6
  comm_handle->requests = 0x55c2b10
After macro expansion: requests=0x55c2b10, num_requests=6
Entering num_requests
after num_requests 
after jxf_TFree(requests)
after jxf_TFree(comm_handle)
Entering jxf_ParBSRCommHandleDestroy
after jxf_ParBSRCommHandleDestroy, comm_handle=0x444e8b0
Checking comm_handle structure:
  comm_handle->num_requests = 4
  comm_handle->requests = 0x444e890
After macro expansion: requests=0x444e890, num_requests=4
Entering num_requests
Entering jxf_ParBSRCommHandleDestroy
after jxf_ParBSRCommHandleDestroy, comm_handle=0x4f385b0
Checking comm_handle structure:
  comm_handle->num_requests = 6
  comm_handle->requests = 0x4f38590
After macro expansion: requests=0x4f38590, num_requests=6
Entering num_requests
Entering jxf_ParBSRCommHandleDestroy
after jxf_ParBSRCommHandleDestroy, comm_handle=0x258a390
Checking comm_handle structure:
  comm_handle->num_requests = 4
  comm_handle->requests = 0x258a370
After macro expansion: requests=0x258a370, num_requests=4
Entering num_requests
after num_requests 
after jxf_TFree(requests)
after jxf_TFree(comm_handle)
after num_requests 
after jxf_TFree(requests)
after jxf_TFree(comm_handle)
after num_requests 
after jxf_TFree(requests)
after jxf_TFree(comm_handle)
Entering jxf_ParBSRCommHandleDestroy
after jxf_ParBSRCommHandleDestroy, comm_handle=0x55c2b30
Checking comm_handle structure:
  comm_handle->num_requests = 6
  comm_handle->requests = 0x55c2b10
After macro expansion: requests=0x55c2b10, num_requests=6
Entering num_requests
after num_requests 
after jxf_TFree(requests)
after jxf_TFree(comm_handle)
vecR_norm_after = 3.104402
vecR_norm_after = 3.104402
vecR_norm_after = 3.104402
vecR_norm_after = 3.104402
    5    6.604047e-01    0.999983   9.998916e-01
Entering jxf_ParBSRCommHandleDestroyEntering jxf_ParBSRCommHandleDestroy
after jxf_ParBSRCommHandleDestroy, comm_handle=0x4f386d0
Checking comm_handle structure:
  comm_handle->num_requests = 6
  comm_handle->requests = 0x4f386b0
After macro expansion: requests=0x4f386b0, num_requests=6
Entering num_requests
Entering jxf_ParBSRCommHandleDestroy
after jxf_ParBSRCommHandleDestroy, comm_handle=0x55c2c50
Checking comm_handle structure:
  comm_handle->num_requests = 6
  comm_handle->requests = 0x55c2c30
After macro expansion: requests=0x55c2c30, num_requests=6
Entering num_requests

after jxf_ParBSRCommHandleDestroy, comm_handle=0x258a4b0
Checking comm_handle structure:
  comm_handle->num_requests = 4
  comm_handle->requests = 0x258a490
After macro expansion: requests=0x258a490, num_requests=4
Entering num_requests
Entering jxf_ParBSRCommHandleDestroyafter num_requests 
after jxf_TFree(requests)
after num_requests 
after jxf_TFree(requests)
after jxf_TFree(comm_handle)
after jxf_TFree(comm_handle)

after jxf_ParBSRCommHandleDestroy, comm_handle=0x444e9d0
Checking comm_handle structure:
  comm_handle->num_requests = 4
  comm_handle->requests = 0x444e9b0
After macro expansion: requests=0x444e9b0, num_requests=4
Entering num_requests
after num_requests 
after jxf_TFree(requests)
after jxf_TFree(comm_handle)
after num_requests 
after jxf_TFree(requests)
after jxf_TFree(comm_handle)
Entering jxf_ParBSRCommHandleDestroy
after jxf_ParBSRCommHandleDestroy, comm_handle=0x258a4b0
Checking comm_handle structure:
  comm_handle->num_requests = 4
  comm_handle->requests = 0x258a490
After macro expansion: requests=0x258a490, num_requests=4
Entering num_requests
after num_requests 
after jxf_TFree(requests)
after jxf_TFree(comm_handle)
Entering jxf_ParBSRCommHandleDestroy
after jxf_ParBSRCommHandleDestroy, comm_handle=0x4f386d0
Checking comm_handle structure:
  comm_handle->num_requests = 6
  comm_handle->requests = 0x4f386b0
After macro expansion: requests=0x4f386b0, num_requests=6
Entering num_requests
after num_requests 
after jxf_TFree(requests)
after jxf_TFree(comm_handle)
Entering jxf_ParBSRCommHandleDestroy
after jxf_ParBSRCommHandleDestroy, comm_handle=0x55c2c50
Checking comm_handle structure:
  comm_handle->num_requests = 6
  comm_handle->requests = 0x55c2c30
After macro expansion: requests=0x55c2c30, num_requests=6
Entering num_requests
after num_requests 
after jxf_TFree(requests)
after jxf_TFree(comm_handle)
Entering jxf_ParBSRCommHandleDestroy
after jxf_ParBSRCommHandleDestroy, comm_handle=0x444e9d0
Checking comm_handle structure:
  comm_handle->num_requests = 4
  comm_handle->requests = 0x444e9b0
After macro expansion: requests=0x444e9b0, num_requests=4
Entering num_requests
after num_requests 
after jxf_TFree(requests)
after jxf_TFree(comm_handle)
IR Iteration 17: Residual = 6.604108e-01 (rel = 7.302006e-02)
Initial L2 norm of residual: 6.604047e-01
=============================================

Iters     resid.norm     conv.rate  rel.res.norm(wrt.b_norm)
-----    ------------    ---------- ------------------------
vecR_norm_before = 0.000000
vecR_norm_before = 0.000000
vecR_norm_before = 0.000000
vecR_norm_before = 0.000000
Entering jxf_ParBSRCommHandleDestroy
after jxf_ParBSRCommHandleDestroy, comm_handle=0x258a5e0
Checking comm_handle structure:
  comm_handle->num_requests = 4
  comm_handle->requests = 0x258a5c0
After macro expansion: requests=0x258a5c0, num_requests=4
Entering num_requests
Entering jxf_ParBSRCommHandleDestroy
after jxf_ParBSRCommHandleDestroy, comm_handle=0x444eaf0
Checking comm_handle structure:
  comm_handle->num_requests = 4
  comm_handle->requests = 0x444ead0
After macro expansion: requests=0x444ead0, num_requests=4
Entering num_requests
after num_requests 
after jxf_TFree(requests)
after jxf_TFree(comm_handle)
Entering jxf_ParBSRCommHandleDestroy
after jxf_ParBSRCommHandleDestroy, comm_handle=0x4f387f0
Checking comm_handle structure:
  comm_handle->num_requests = 6
  comm_handle->requests = 0x4f387d0
After macro expansion: requests=0x4f387d0, num_requests=6
Entering num_requests
after num_requests 
after jxf_TFree(requests)
after jxf_TFree(comm_handle)
after num_requests 
after jxf_TFree(requests)
after jxf_TFree(comm_handle)
Entering jxf_ParBSRCommHandleDestroy
after jxf_ParBSRCommHandleDestroy, comm_handle=0x55c2d70
Checking comm_handle structure:
  comm_handle->num_requests = 6
  comm_handle->requests = 0x55c2d50
After macro expansion: requests=0x55c2d50, num_requests=6
Entering num_requests
after num_requests 
after jxf_TFree(requests)
after jxf_TFree(comm_handle)
Entering jxf_ParBSRCommHandleDestroy
after jxf_ParBSRCommHandleDestroy, comm_handle=0x258a5e0
Checking comm_handle structure:
  comm_handle->num_requests = 4
  comm_handle->requests = 0x258a5c0
After macro expansion: requests=0x258a5c0, num_requests=4
Entering num_requests
after num_requests 
after jxf_TFree(requests)Entering jxf_ParBSRCommHandleDestroy
after jxf_ParBSRCommHandleDestroy, comm_handle=0x444eaf0
Checking comm_handle structure:
  comm_handle->num_requests = 4
  comm_handle->requests = 0x444ead0
After macro expansion: requests=0x444ead0, num_requests=4
Entering num_requests
after num_requests 
after jxf_TFree(requests)
after jxf_TFree(comm_handle)

after jxf_TFree(comm_handle)
Entering jxf_ParBSRCommHandleDestroy
after jxf_ParBSRCommHandleDestroy, comm_handle=0x4f387f0
Checking comm_handle structure:
  comm_handle->num_requests = 6
  comm_handle->requests = 0x4f387d0
After macro expansion: requests=0x4f387d0, num_requests=6
Entering num_requests
after num_requests 
after jxf_TFree(requests)
after jxf_TFree(comm_handle)
Entering jxf_ParBSRCommHandleDestroy
after jxf_ParBSRCommHandleDestroy, comm_handle=0x55c2d70
Checking comm_handle structure:
  comm_handle->num_requests = 6
  comm_handle->requests = 0x55c2d50
After macro expansion: requests=0x55c2d50, num_requests=6
Entering num_requests
after num_requests 
after jxf_TFree(requests)
after jxf_TFree(comm_handle)
vecR_norm_after = 0.014511
vecR_norm_after = 0.014511
vecR_norm_after = 0.014511
vecR_norm_after = 0.014511
    1    6.603930e-01    0.999982   9.999822e-01
vecR_norm_before = 0.000000
vecR_norm_before = 0.000000
vecR_norm_before = 0.000000
vecR_norm_before = 0.000000
Entering jxf_ParBSRCommHandleDestroy
after jxf_ParBSRCommHandleDestroy, comm_handle=0x258a700
Checking comm_handle structure:
  comm_handle->num_requests = 4
  comm_handle->requests = 0x258a6e0
After macro expansion: requests=0x258a6e0, num_requests=4
Entering num_requests
Entering jxf_ParBSRCommHandleDestroyafter num_requests 
after jxf_TFree(requests)
after jxf_TFree(comm_handle)
Entering jxf_ParBSRCommHandleDestroy
after jxf_ParBSRCommHandleDestroy, comm_handle=0x444ec10
Entering jxf_ParBSRCommHandleDestroy
after jxf_ParBSRCommHandleDestroy, comm_handle=0x55c2e90
Checking comm_handle structure:
  comm_handle->num_requests = 6
Checking comm_handle structure:
  comm_handle->num_requests = 4
  comm_handle->requests = 0x444ebf0
After macro expansion: requests=0x444ebf0, num_requests=4
Entering num_requests
after num_requests 
  comm_handle->requests = 0x55c2e70
After macro expansion: requests=0x55c2e70, num_requests=6
Entering num_requests
after jxf_TFree(requests)
after jxf_TFree(comm_handle)

after num_requests 
after jxf_TFree(requests)
after jxf_TFree(comm_handle)
after jxf_ParBSRCommHandleDestroy, comm_handle=0x4f38910
Checking comm_handle structure:
  comm_handle->num_requests = 6
  comm_handle->requests = 0x4f388f0
After macro expansion: requests=0x4f388f0, num_requests=6
Entering num_requests
after num_requests 
after jxf_TFree(requests)
after jxf_TFree(comm_handle)
Entering jxf_ParBSRCommHandleDestroy
after jxf_ParBSRCommHandleDestroy, comm_handle=0x444ec10
Checking comm_handle structure:
  comm_handle->num_requests = 4
  comm_handle->requests = 0x444ebf0
After macro expansion: requests=0x444ebf0, num_requests=4
Entering num_requests
after num_requests 
after jxf_TFree(requests)
after jxf_TFree(comm_handle)
Entering jxf_ParBSRCommHandleDestroy
after jxf_ParBSRCommHandleDestroy, comm_handle=0x55c2e90
Checking comm_handle structure:
  comm_handle->num_requests = 6
  comm_handle->requests = 0x55c2e70
After macro expansion: requests=0x55c2e70, num_requests=6
Entering num_requests
Entering jxf_ParBSRCommHandleDestroy
after jxf_ParBSRCommHandleDestroy, comm_handle=0x4f38910
Checking comm_handle structure:
  comm_handle->num_requests = 6
  comm_handle->requests = 0x4f388f0
After macro expansion: requests=0x4f388f0, num_requests=6
Entering num_requests
after num_requests 
after jxf_TFree(requests)
after jxf_TFree(comm_handle)
after num_requests 
after jxf_TFree(requests)
after jxf_TFree(comm_handle)
Entering jxf_ParBSRCommHandleDestroy
after jxf_ParBSRCommHandleDestroy, comm_handle=0x258a700
Checking comm_handle structure:
  comm_handle->num_requests = 4
  comm_handle->requests = 0x258a6e0
After macro expansion: requests=0x258a6e0, num_requests=4
Entering num_requests
after num_requests 
after jxf_TFree(requests)
after jxf_TFree(comm_handle)
vecR_norm_after = 1.234507
vecR_norm_after = 1.234507
vecR_norm_after = 1.234507
vecR_norm_after = 1.234507
    2    6.603832e-01    0.999985   9.999673e-01
vecR_norm_before = 0.000000
vecR_norm_before = 0.000000
vecR_norm_before = 0.000000
vecR_norm_before = 0.000000
Entering jxf_ParBSRCommHandleDestroy
after jxf_ParBSRCommHandleDestroy, comm_handle=0x4f38a30
Checking comm_handle structure:
  comm_handle->num_requests = 6
  comm_handle->requests = 0x4f38a10
After macro expansion: requests=0x4f38a10, num_requests=6
Entering num_requests
after num_requests 
after jxf_TFree(requests)
after jxf_TFree(comm_handle)
Entering jxf_ParBSRCommHandleDestroy
after jxf_ParBSRCommHandleDestroy, comm_handle=0x444ed30
Checking comm_handle structure:
  comm_handle->num_requests = 4
  comm_handle->requests = 0x444ed10
After macro expansion: requests=0x444ed10, num_requests=4
Entering num_requests
after num_requests 
after jxf_TFree(requests)
after jxf_TFree(comm_handle)
Entering jxf_ParBSRCommHandleDestroy
after jxf_ParBSRCommHandleDestroy, comm_handle=0x55c2fb0
Checking comm_handle structure:
  comm_handle->num_requests = 6
  comm_handle->requests = 0x55c2f90
After macro expansion: requests=0x55c2f90, num_requests=6
Entering num_requests
after num_requests 
after jxf_TFree(requests)
after jxf_TFree(comm_handle)
Entering jxf_ParBSRCommHandleDestroy
after jxf_ParBSRCommHandleDestroy, comm_handle=0x258a820
Checking comm_handle structure:
  comm_handle->num_requests = 4
  comm_handle->requests = 0x258a800
After macro expansion: requests=0x258a800, num_requests=4
Entering num_requests
after num_requests 
after jxf_TFree(requests)
after jxf_TFree(comm_handle)
Entering jxf_ParBSRCommHandleDestroy
after jxf_ParBSRCommHandleDestroy, comm_handle=0x4f38a30
Checking comm_handle structure:
  comm_handle->num_requests = 6
  comm_handle->requests = 0x4f38a10
After macro expansion: requests=0x4f38a10, num_requests=6
Entering num_requests
Entering jxf_ParBSRCommHandleDestroy
after jxf_ParBSRCommHandleDestroy, comm_handle=0x444ed30
Checking comm_handle structure:
  comm_handle->num_requests = 4
  comm_handle->requests = 0x444ed10
After macro expansion: requests=0x444ed10, num_requests=4
Entering num_requests
after num_requests 
after jxf_TFree(requests)
after jxf_TFree(comm_handle)
Entering jxf_ParBSRCommHandleDestroy
after jxf_ParBSRCommHandleDestroy, comm_handle=0x55c2fb0
Checking comm_handle structure:
  comm_handle->num_requests = 6
  comm_handle->requests = 0x55c2f90
After macro expansion: requests=0x55c2f90, num_requests=6
Entering num_requests
after num_requests 
after jxf_TFree(requests)
after jxf_TFree(comm_handle)
after num_requests 
after jxf_TFree(requests)
after jxf_TFree(comm_handle)
Entering jxf_ParBSRCommHandleDestroy
after jxf_ParBSRCommHandleDestroy, comm_handle=0x258a820
Checking comm_handle structure:
  comm_handle->num_requests = 4
  comm_handle->requests = 0x258a800
After macro expansion: requests=0x258a800, num_requests=4
Entering num_requests
after num_requests 
after jxf_TFree(requests)
after jxf_TFree(comm_handle)
vecR_norm_after = 0.847785
vecR_norm_after = 0.847785
vecR_norm_after = 0.847785
vecR_norm_after = 0.847785
    3    6.603749e-01    0.999988   9.999549e-01
vecR_norm_before = 0.000000
vecR_norm_before = 0.000000
vecR_norm_before = 0.000000
vecR_norm_before = 0.000000
Entering jxf_ParBSRCommHandleDestroyEntering jxf_ParBSRCommHandleDestroy
after jxf_ParBSRCommHandleDestroy, comm_handle=0x4f38b50
Checking comm_handle structure:
  comm_handle->num_requests = 6
  comm_handle->requests = 0x4f38b30
After macro expansion: requests=0x4f38b30, num_requests=6
Entering num_requests
Entering jxf_ParBSRCommHandleDestroy
after jxf_ParBSRCommHandleDestroy, comm_handle=0x55c30d0
Checking comm_handle structure:
  comm_handle->num_requests = 6
  comm_handle->requests = 0x55c30b0
After macro expansion: requests=0x55c30b0, num_requests=6
Entering num_requests
after num_requests 
after jxf_TFree(requests)
after jxf_TFree(comm_handle)
Entering jxf_ParBSRCommHandleDestroy
after jxf_ParBSRCommHandleDestroy, comm_handle=0x4d01f60
Checking comm_handle structure:
  comm_handle->num_requests = 4
  comm_handle->requests = 0x444ee30
After macro expansion: requests=0x444ee30, num_requests=4
Entering num_requests
after num_requests 
after jxf_TFree(requests)
after jxf_TFree(comm_handle)
after num_requests 
after jxf_TFree(requests)
after jxf_TFree(comm_handle)

after jxf_ParBSRCommHandleDestroy, comm_handle=0x258a940
Checking comm_handle structure:
  comm_handle->num_requests = 4
  comm_handle->requests = 0x258a920
After macro expansion: requests=0x258a920, num_requests=4
Entering num_requests
after num_requests 
after jxf_TFree(requests)
after jxf_TFree(comm_handle)
Entering jxf_ParBSRCommHandleDestroy
after jxf_ParBSRCommHandleDestroy, comm_handle=0x4f38b50
Checking comm_handle structure:
  comm_handle->num_requests = 6
  comm_handle->requests = 0x4f38b30
After macro expansion: requests=0x4f38b30, num_requests=6
Entering num_requests
after num_requests 
after jxf_TFree(requests)
after jxf_TFree(comm_handle)
Entering jxf_ParBSRCommHandleDestroy
after jxf_ParBSRCommHandleDestroy, comm_handle=0x258a940
Checking comm_handle structure:
  comm_handle->num_requests = 4
  comm_handle->requests = 0x258a920
After macro expansion: requests=0x258a920, num_requests=4
Entering num_requests
Entering jxf_ParBSRCommHandleDestroy
after jxf_ParBSRCommHandleDestroy, comm_handle=0x4d01f60
Checking comm_handle structure:
  comm_handle->num_requests = 4
  comm_handle->requests = 0x444ee30
After macro expansion: requests=0x444ee30, num_requests=4
Entering num_requests
after num_requests 
after jxf_TFree(requests)
after jxf_TFree(comm_handle)
after num_requests 
after jxf_TFree(requests)
after jxf_TFree(comm_handle)
Entering jxf_ParBSRCommHandleDestroy
after jxf_ParBSRCommHandleDestroy, comm_handle=0x55c30d0
Checking comm_handle structure:
  comm_handle->num_requests = 6
  comm_handle->requests = 0x55c30b0
After macro expansion: requests=0x55c30b0, num_requests=6
Entering num_requests
after num_requests 
after jxf_TFree(requests)
after jxf_TFree(comm_handle)
vecR_norm_after = 2.200273
vecR_norm_after = 2.200273
vecR_norm_after = 2.200273
vecR_norm_after = 2.200273
    4    6.603652e-01    0.999985   9.999401e-01
vecR_norm_before = 0.000000
vecR_norm_before = 0.000000
vecR_norm_before = 0.000000
vecR_norm_before = 0.000000
Entering jxf_ParBSRCommHandleDestroyEntering jxf_ParBSRCommHandleDestroy
after jxf_ParBSRCommHandleDestroy, comm_handle=0x4f38c70
Checking comm_handle structure:
  comm_handle->num_requests = 6
  comm_handle->requests = 0x4f38c50
After macro expansion: requests=0x4f38c50, num_requests=6
Entering num_requests
Entering jxf_ParBSRCommHandleDestroy
after jxf_ParBSRCommHandleDestroy, comm_handle=0x55c31f0
Checking comm_handle structure:
  comm_handle->num_requests = 6
  comm_handle->requests = 0x55c31d0
After macro expansion: requests=0x55c31d0, num_requests=6
Entering num_requests
after num_requests 
after jxf_TFree(requests)
after jxf_TFree(comm_handle)

after jxf_ParBSRCommHandleDestroy, comm_handle=0x258aa60
Checking comm_handle structure:
  comm_handle->num_requests = 4
  comm_handle->requests = 0x258aa40
After macro expansion: requests=0x258aa40, num_requests=4
Entering num_requests
Entering jxf_ParBSRCommHandleDestroyafter num_requests 
after jxf_TFree(requests)
after num_requests 
after jxf_TFree(requests)
after jxf_TFree(comm_handle)
after jxf_TFree(comm_handle)

after jxf_ParBSRCommHandleDestroy, comm_handle=0x4d02070
Checking comm_handle structure:
  comm_handle->num_requests = 4
  comm_handle->requests = 0x4d02050
After macro expansion: requests=0x4d02050, num_requests=4
Entering num_requests
after num_requests 
after jxf_TFree(requests)
after jxf_TFree(comm_handle)
Entering jxf_ParBSRCommHandleDestroy
after jxf_ParBSRCommHandleDestroy, comm_handle=0x258aa60
Checking comm_handle structure:
  comm_handle->num_requests = 4
  comm_handle->requests = 0x258aa40
After macro expansion: requests=0x258aa40, num_requests=4
Entering num_requests
after num_requests 
after jxf_TFree(requests)
after jxf_TFree(comm_handle)
Entering jxf_ParBSRCommHandleDestroy
after jxf_ParBSRCommHandleDestroy, comm_handle=0x4f38c70
Checking comm_handle structure:
  comm_handle->num_requests = 6
  comm_handle->requests = 0x4f38c50
After macro expansion: requests=0x4f38c50, num_requests=6
Entering num_requests
after num_requests 
after jxf_TFree(requests)
after jxf_TFree(comm_handle)
Entering jxf_ParBSRCommHandleDestroy
after jxf_ParBSRCommHandleDestroy, comm_handle=0x55c31f0
Checking comm_handle structure:
  comm_handle->num_requests = 6
  comm_handle->requests = 0x55c31d0
After macro expansion: requests=0x55c31d0, num_requests=6
Entering num_requests
after num_requests 
after jxf_TFree(requests)
after jxf_TFree(comm_handle)
Entering jxf_ParBSRCommHandleDestroy
after jxf_ParBSRCommHandleDestroy, comm_handle=0x4d02070
Checking comm_handle structure:
  comm_handle->num_requests = 4
  comm_handle->requests = 0x4d02050
After macro expansion: requests=0x4d02050, num_requests=4
Entering num_requests
after num_requests 
after jxf_TFree(requests)
after jxf_TFree(comm_handle)
vecR_norm_after = 2.110880
vecR_norm_after = 2.110880
vecR_norm_after = 2.110880
vecR_norm_after = 2.110880
    5    6.603584e-01    0.999990   9.999298e-01
Entering jxf_ParBSRCommHandleDestroy
after jxf_ParBSRCommHandleDestroy, comm_handle=0x258ab80
Checking comm_handle structure:
  comm_handle->num_requests = 4
  comm_handle->requests = 0x258ab60
After macro expansion: requests=0x258ab60, num_requests=4
Entering num_requests
after num_requests 
after jxf_TFree(requests)
after jxf_TFree(comm_handle)
Entering jxf_ParBSRCommHandleDestroy
after jxf_ParBSRCommHandleDestroy, comm_handle=0x4d02190
Checking comm_handle structure:
  comm_handle->num_requests = 4
  comm_handle->requests = 0x4d02170
After macro expansion: requests=0x4d02170, num_requests=4
Entering num_requests
after num_requests 
after jxf_TFree(requests)
after jxf_TFree(comm_handle)
Entering jxf_ParBSRCommHandleDestroy
after jxf_ParBSRCommHandleDestroy, comm_handle=0x4f38d90
Checking comm_handle structure:
  comm_handle->num_requests = 6
  comm_handle->requests = 0x4f38d70
After macro expansion: requests=0x4f38d70, num_requests=6
Entering num_requests
after num_requests 
after jxf_TFree(requests)
after jxf_TFree(comm_handle)
Entering jxf_ParBSRCommHandleDestroy
after jxf_ParBSRCommHandleDestroy, comm_handle=0x55c3310
Checking comm_handle structure:
  comm_handle->num_requests = 6
  comm_handle->requests = 0x55c32f0
After macro expansion: requests=0x55c32f0, num_requests=6
Entering num_requests
after num_requests 
after jxf_TFree(requests)
after jxf_TFree(comm_handle)
Entering jxf_ParBSRCommHandleDestroy
after jxf_ParBSRCommHandleDestroy, comm_handle=0x4f38d90
Checking comm_handle structure:
  comm_handle->num_requests = 6
  comm_handle->requests = 0x4f38d70
After macro expansion: requests=0x4f38d70, num_requests=6
Entering num_requests
after num_requests 
after jxf_TFree(requests)
after jxf_TFree(comm_handle)
Entering jxf_ParBSRCommHandleDestroy
after jxf_ParBSRCommHandleDestroy, comm_handle=0x4d02190
Checking comm_handle structure:
  comm_handle->num_requests = 4
  comm_handle->requests = 0x4d02170
After macro expansion: requests=0x4d02170, num_requests=4
Entering num_requests
after num_requests 
after jxf_TFree(requests)
after jxf_TFree(comm_handle)
Entering jxf_ParBSRCommHandleDestroy
after jxf_ParBSRCommHandleDestroy, comm_handle=0x258ab80
Checking comm_handle structure:
  comm_handle->num_requests = 4
  comm_handle->requests = 0x258ab60
After macro expansion: requests=0x258ab60, num_requests=4
Entering num_requests
after num_requests 
after jxf_TFree(requests)
after jxf_TFree(comm_handle)
Entering jxf_ParBSRCommHandleDestroy
after jxf_ParBSRCommHandleDestroy, comm_handle=0x55c3310
Checking comm_handle structure:
  comm_handle->num_requests = 6
  comm_handle->requests = 0x55c32f0
After macro expansion: requests=0x55c32f0, num_requests=6
Entering num_requests
after num_requests 
after jxf_TFree(requests)
after jxf_TFree(comm_handle)
IR Iteration 18: Residual = 6.603645e-01 (rel = 7.301494e-02)
Initial L2 norm of residual: 6.603585e-01
=============================================

Iters     resid.norm     conv.rate  rel.res.norm(wrt.b_norm)
-----    ------------    ---------- ------------------------
vecR_norm_before = 0.000000
vecR_norm_before = 0.000000
vecR_norm_before = 0.000000
vecR_norm_before = 0.000000
Entering jxf_ParBSRCommHandleDestroy
after jxf_ParBSRCommHandleDestroy, comm_handle=0x258acb0
Checking comm_handle structure:
  comm_handle->num_requests = 4
  comm_handle->requests = 0x258ac90
After macro expansion: requests=0x258ac90, num_requests=4
Entering num_requests
Entering jxf_ParBSRCommHandleDestroyafter num_requests 
after jxf_TFree(requests)
after jxf_TFree(comm_handle)
Entering jxf_ParBSRCommHandleDestroy
after jxf_ParBSRCommHandleDestroy, comm_handle=0x55c3430
Checking comm_handle structure:
  comm_handle->num_requests = 6
Entering jxf_ParBSRCommHandleDestroy
after jxf_ParBSRCommHandleDestroy, comm_handle=0x4d022b0
Checking comm_handle structure:
  comm_handle->num_requests = 4
  comm_handle->requests = 0x55c3410
After macro expansion: requests=0x55c3410, num_requests=6
Entering num_requests
  comm_handle->requests = 0x4d02290
After macro expansion: requests=0x4d02290, num_requests=4
Entering num_requests
after num_requests 
after jxf_TFree(requests)
after jxf_TFree(comm_handle)
after num_requests 
after jxf_TFree(requests)
after jxf_TFree(comm_handle)

after jxf_ParBSRCommHandleDestroy, comm_handle=0x4f38eb0
Checking comm_handle structure:
  comm_handle->num_requests = 6
  comm_handle->requests = 0x4f38e90
After macro expansion: requests=0x4f38e90, num_requests=6
Entering num_requests
after num_requests 
after jxf_TFree(requests)
after jxf_TFree(comm_handle)
Entering jxf_ParBSRCommHandleDestroy
after jxf_ParBSRCommHandleDestroy, comm_handle=0x4d022b0
Checking comm_handle structure:
  comm_handle->num_requests = 4
  comm_handle->requests = 0x4d02290
After macro expansion: requests=0x4d02290, num_requests=4
Entering num_requests
Entering jxf_ParBSRCommHandleDestroy
after jxf_ParBSRCommHandleDestroy, comm_handle=0x258acb0
Checking comm_handle structure:
  comm_handle->num_requests = 4
  comm_handle->requests = 0x258ac90
After macro expansion: requests=0x258ac90, num_requests=4
Entering num_requests
Entering jxf_ParBSRCommHandleDestroy
after jxf_ParBSRCommHandleDestroy, comm_handle=0x55c3430
Checking comm_handle structure:
  comm_handle->num_requests = 6
  comm_handle->requests = 0x55c3410
After macro expansion: requests=0x55c3410, num_requests=6
Entering num_requests
after num_requests 
after jxf_TFree(requests)
after jxf_TFree(comm_handle)
after num_requests 
after jxf_TFree(requests)
after jxf_TFree(comm_handle)
after num_requests 
after jxf_TFree(requests)
after jxf_TFree(comm_handle)
Entering jxf_ParBSRCommHandleDestroy
after jxf_ParBSRCommHandleDestroy, comm_handle=0x4f38eb0
Checking comm_handle structure:
  comm_handle->num_requests = 6
  comm_handle->requests = 0x4f38e90
After macro expansion: requests=0x4f38e90, num_requests=6
Entering num_requests
after num_requests 
after jxf_TFree(requests)
after jxf_TFree(comm_handle)
vecR_norm_after = 0.029084
vecR_norm_after = 0.029084
vecR_norm_after = 0.029084
vecR_norm_after = 0.029084
    1    6.603520e-01    0.999990   9.999900e-01
vecR_norm_before = 0.000000
vecR_norm_before = 0.000000
vecR_norm_before = 0.000000
vecR_norm_before = 0.000000
Entering jxf_ParBSRCommHandleDestroy
Entering jxf_ParBSRCommHandleDestroy
after jxf_ParBSRCommHandleDestroy, comm_handle=0x258add0
Entering jxf_ParBSRCommHandleDestroy
after jxf_ParBSRCommHandleDestroy, comm_handle=0x55c3550
Checking comm_handle structure:
  comm_handle->num_requests = 6
Checking comm_handle structure:
  comm_handle->num_requests = 4
  comm_handle->requests = 0x258adb0
After macro expansion: requests=0x258adb0, num_requests=4
Entering num_requests
  comm_handle->requests = 0x55c3530
After macro expansion: requests=0x55c3530, num_requests=6
Entering num_requests
Entering jxf_ParBSRCommHandleDestroy
after jxf_ParBSRCommHandleDestroy, comm_handle=0x4d023d0
Checking comm_handle structure:
  comm_handle->num_requests = 4
  comm_handle->requests = 0x4d023b0
After macro expansion: requests=0x4d023b0, num_requests=4
Entering num_requests
after num_requests 
after jxf_TFree(requests)
after jxf_TFree(comm_handle)
after num_requests 
after jxf_TFree(requests)
after jxf_TFree(comm_handle)
after num_requests 
after jxf_TFree(requests)
after jxf_TFree(comm_handle)
after jxf_ParBSRCommHandleDestroy, comm_handle=0x4f38fd0
Checking comm_handle structure:
  comm_handle->num_requests = 6
  comm_handle->requests = 0x4f38fb0
After macro expansion: requests=0x4f38fb0, num_requests=6
Entering num_requests
after num_requests 
after jxf_TFree(requests)
after jxf_TFree(comm_handle)
Entering jxf_ParBSRCommHandleDestroy
after jxf_ParBSRCommHandleDestroy, comm_handle=0x258add0
Checking comm_handle structure:
  comm_handle->num_requests = 4
  comm_handle->requests = 0x258adb0
After macro expansion: requests=0x258adb0, num_requests=4
Entering num_requests
Entering jxf_ParBSRCommHandleDestroy
after jxf_ParBSRCommHandleDestroy, comm_handle=0x55c3550
Checking comm_handle structure:
  comm_handle->num_requests = 6
  comm_handle->requests = 0x55c3530
After macro expansion: requests=0x55c3530, num_requests=6
Entering num_requests
Entering jxf_ParBSRCommHandleDestroy
after jxf_ParBSRCommHandleDestroy, comm_handle=0x4d023d0
Checking comm_handle structure:
  comm_handle->num_requests = 4
  comm_handle->requests = 0x4d023b0
After macro expansion: requests=0x4d023b0, num_requests=4
Entering num_requests
after num_requests 
after jxf_TFree(requests)
after jxf_TFree(comm_handle)
after num_requests 
after jxf_TFree(requests)
after jxf_TFree(comm_handle)
after num_requests 
after jxf_TFree(requests)
after jxf_TFree(comm_handle)
Entering jxf_ParBSRCommHandleDestroy
after jxf_ParBSRCommHandleDestroy, comm_handle=0x4f38fd0
Checking comm_handle structure:
  comm_handle->num_requests = 6
  comm_handle->requests = 0x4f38fb0
After macro expansion: requests=0x4f38fb0, num_requests=6
Entering num_requests
after num_requests 
after jxf_TFree(requests)
after jxf_TFree(comm_handle)
vecR_norm_after = 0.430502
vecR_norm_after = 0.430502
vecR_norm_after = 0.430502
vecR_norm_after = 0.430502
    2    6.603436e-01    0.999987   9.999774e-01
vecR_norm_before = 0.000000
vecR_norm_before = 0.000000
vecR_norm_before = 0.000000
vecR_norm_before = 0.000000
Entering jxf_ParBSRCommHandleDestroy
after jxf_ParBSRCommHandleDestroy, comm_handle=0x4f390f0
Checking comm_handle structure:
  comm_handle->num_requests = 6
  comm_handle->requests = 0x4f390d0
After macro expansion: requests=0x4f390d0, num_requests=6
Entering num_requests
Entering jxf_ParBSRCommHandleDestroy
after jxf_ParBSRCommHandleDestroy, comm_handle=0x4d024f0
Checking comm_handle structure:
  comm_handle->num_requests = 4
after num_requests 
after jxf_TFree(requests)
after jxf_TFree(comm_handle)
  comm_handle->requests = 0x4d024d0
After macro expansion: requests=0x4d024d0, num_requests=4
Entering num_requests
Entering jxf_ParBSRCommHandleDestroy
after jxf_ParBSRCommHandleDestroy, comm_handle=0x55c3670
Checking comm_handle structure:
  comm_handle->num_requests = 6
  comm_handle->requests = 0x55c3650
after num_requests 
after jxf_TFree(requests)
after jxf_TFree(comm_handle)
After macro expansion: requests=0x55c3650, num_requests=6
Entering num_requests
after num_requests 
after jxf_TFree(requests)
after jxf_TFree(comm_handle)
Entering jxf_ParBSRCommHandleDestroy
after jxf_ParBSRCommHandleDestroy, comm_handle=0x258aef0
Checking comm_handle structure:
  comm_handle->num_requests = 4
  comm_handle->requests = 0x258aed0
After macro expansion: requests=0x258aed0, num_requests=4
Entering num_requests
after num_requests 
after jxf_TFree(requests)
after jxf_TFree(comm_handle)
Entering jxf_ParBSRCommHandleDestroy
after jxf_ParBSRCommHandleDestroy, comm_handle=0x4d024f0
Checking comm_handle structure:
  comm_handle->num_requests = 4
  comm_handle->requests = 0x4d024d0
After macro expansion: requests=0x4d024d0, num_requests=4
Entering num_requests
after num_requests 
after jxf_TFree(requests)
after jxf_TFree(comm_handle)
Entering jxf_ParBSRCommHandleDestroy
after jxf_ParBSRCommHandleDestroy, comm_handle=0x4f390f0
Checking comm_handle structure:
  comm_handle->num_requests = 6
  comm_handle->requests = 0x4f390d0
After macro expansion: requests=0x4f390d0, num_requests=6
Entering num_requests
Entering jxf_ParBSRCommHandleDestroy
after jxf_ParBSRCommHandleDestroy, comm_handle=0x55c3670
Checking comm_handle structure:
  comm_handle->num_requests = 6
  comm_handle->requests = 0x55c3650
After macro expansion: requests=0x55c3650, num_requests=6
Entering num_requests
after num_requests 
after jxf_TFree(requests)
after jxf_TFree(comm_handle)
after num_requests 
after jxf_TFree(requests)
after jxf_TFree(comm_handle)
Entering jxf_ParBSRCommHandleDestroy
after jxf_ParBSRCommHandleDestroy, comm_handle=0x258aef0
Checking comm_handle structure:
  comm_handle->num_requests = 4
  comm_handle->requests = 0x258aed0
After macro expansion: requests=0x258aed0, num_requests=4
Entering num_requests
after num_requests 
after jxf_TFree(requests)
after jxf_TFree(comm_handle)
vecR_norm_after = 1.126205
vecR_norm_after = 1.126205
vecR_norm_after = 1.126205
vecR_norm_after = 1.126205
    3    6.603388e-01    0.999993   9.999700e-01
vecR_norm_before = 0.000000
vecR_norm_before = 0.000000
vecR_norm_before = 0.000000
vecR_norm_before = 0.000000
Entering jxf_ParBSRCommHandleDestroy
after jxf_ParBSRCommHandleDestroy, comm_handle=0x4d02610
Checking comm_handle structure:
  comm_handle->num_requests = 4
  comm_handle->requests = 0x4d025f0
After macro expansion: requests=0x4d025f0, num_requests=4
Entering num_requests
Entering jxf_ParBSRCommHandleDestroy
after jxf_ParBSRCommHandleDestroy, comm_handle=0x55c3790
Checking comm_handle structure:
  comm_handle->num_requests = 6
  comm_handle->requests = 0x55c3770
After macro expansion: requests=0x55c3770, num_requests=6
Entering num_requests
after num_requests 
after jxf_TFree(requests)
after jxf_TFree(comm_handle)
after num_requests 
after jxf_TFree(requests)
after jxf_TFree(comm_handle)
Entering jxf_ParBSRCommHandleDestroy
after jxf_ParBSRCommHandleDestroy, comm_handle=0x4f39210
Checking comm_handle structure:
  comm_handle->num_requests = 6
  comm_handle->requests = 0x4f391f0
After macro expansion: requests=0x4f391f0, num_requests=6
Entering num_requests
after num_requests 
after jxf_TFree(requests)
after jxf_TFree(comm_handle)
Entering jxf_ParBSRCommHandleDestroy
after jxf_ParBSRCommHandleDestroy, comm_handle=0x258b010
Checking comm_handle structure:
  comm_handle->num_requests = 4
  comm_handle->requests = 0x258aff0
After macro expansion: requests=0x258aff0, num_requests=4
Entering num_requests
after num_requests 
after jxf_TFree(requests)
after jxf_TFree(comm_handle)
Entering jxf_ParBSRCommHandleDestroy
after jxf_ParBSRCommHandleDestroy, comm_handle=0x4d02610
Checking comm_handle structure:
  comm_handle->num_requests = 4
  comm_handle->requests = 0x4d025f0
After macro expansion: requests=0x4d025f0, num_requests=4
Entering num_requests
Entering jxf_ParBSRCommHandleDestroy
after jxf_ParBSRCommHandleDestroy, comm_handle=0x55c3790
Checking comm_handle structure:
  comm_handle->num_requests = 6
  comm_handle->requests = 0x55c3770
After macro expansion: requests=0x55c3770, num_requests=6
Entering num_requests
after num_requests 
after jxf_TFree(requests)
after jxf_TFree(comm_handle)
Entering jxf_ParBSRCommHandleDestroy
after jxf_ParBSRCommHandleDestroy, comm_handle=0x4f39210
Checking comm_handle structure:
  comm_handle->num_requests = 6
  comm_handle->requests = 0x4f391f0
After macro expansion: requests=0x4f391f0, num_requests=6
Entering num_requests
after num_requests 
after jxf_TFree(requests)
after jxf_TFree(comm_handle)
after num_requests 
after jxf_TFree(requests)
after jxf_TFree(comm_handle)
Entering jxf_ParBSRCommHandleDestroy
after jxf_ParBSRCommHandleDestroy, comm_handle=0x258b010
Checking comm_handle structure:
  comm_handle->num_requests = 4
  comm_handle->requests = 0x258aff0
After macro expansion: requests=0x258aff0, num_requests=4
Entering num_requests
after num_requests 
after jxf_TFree(requests)
after jxf_TFree(comm_handle)
vecR_norm_after = 1.805707
vecR_norm_after = 1.805707
vecR_norm_after = 1.805707
vecR_norm_after = 1.805707
    4    6.603311e-01    0.999988   9.999584e-01
vecR_norm_before = 0.000000
vecR_norm_before = 0.000000
vecR_norm_before = 0.000000
vecR_norm_before = 0.000000
Entering jxf_ParBSRCommHandleDestroy
after jxf_ParBSRCommHandleDestroy, comm_handle=0x4d02730
Checking comm_handle structure:
  comm_handle->num_requests = 4
  comm_handle->requests = 0x4d02710
After macro expansion: requests=0x4d02710, num_requests=4
Entering num_requests
Entering jxf_ParBSRCommHandleDestroy
after jxf_ParBSRCommHandleDestroy, comm_handle=0x4f39330
Checking comm_handle structure:
  comm_handle->num_requests = 6
  comm_handle->requests = 0x4f39310
After macro expansion: requests=0x4f39310, num_requests=6
Entering num_requests
after num_requests 
after jxf_TFree(requests)
after jxf_TFree(comm_handle)
Entering jxf_ParBSRCommHandleDestroy
after jxf_ParBSRCommHandleDestroy, comm_handle=0x55c38b0
Checking comm_handle structure:
  comm_handle->num_requests = 6
  comm_handle->requests = 0x55c3890
After macro expansion: requests=0x55c3890, num_requests=6
Entering num_requests
after num_requests 
after jxf_TFree(requests)
after jxf_TFree(comm_handle)
after num_requests 
after jxf_TFree(requests)
after jxf_TFree(comm_handle)
Entering jxf_ParBSRCommHandleDestroy
after jxf_ParBSRCommHandleDestroy, comm_handle=0x258b130
Checking comm_handle structure:
  comm_handle->num_requests = 4
  comm_handle->requests = 0x258b110
After macro expansion: requests=0x258b110, num_requests=4
Entering num_requests
after num_requests 
after jxf_TFree(requests)
after jxf_TFree(comm_handle)
Entering jxf_ParBSRCommHandleDestroy
after jxf_ParBSRCommHandleDestroy, comm_handle=0x4f39330
Checking comm_handle structure:
  comm_handle->num_requests = 6
  comm_handle->requests = 0x4f39310
After macro expansion: requests=0x4f39310, num_requests=6
Entering num_requests
Entering jxf_ParBSRCommHandleDestroy
after jxf_ParBSRCommHandleDestroy, comm_handle=0x4d02730
Checking comm_handle structure:
  comm_handle->num_requests = 4
  comm_handle->requests = 0x4d02710
After macro expansion: requests=0x4d02710, num_requests=4
Entering num_requests
after num_requests 
after jxf_TFree(requests)
after jxf_TFree(comm_handle)
Entering jxf_ParBSRCommHandleDestroy
after jxf_ParBSRCommHandleDestroy, comm_handle=0x55c38b0
Checking comm_handle structure:
  comm_handle->num_requests = 6
  comm_handle->requests = 0x55c3890
After macro expansion: requests=0x55c3890, num_requests=6
Entering num_requests
after num_requests 
after jxf_TFree(requests)
after jxf_TFree(comm_handle)
after num_requests 
after jxf_TFree(requests)
after jxf_TFree(comm_handle)
Entering jxf_ParBSRCommHandleDestroy
after jxf_ParBSRCommHandleDestroy, comm_handle=0x258b130
Checking comm_handle structure:
  comm_handle->num_requests = 4
  comm_handle->requests = 0x258b110
After macro expansion: requests=0x258b110, num_requests=4
Entering num_requests
after num_requests 
after jxf_TFree(requests)
after jxf_TFree(comm_handle)
vecR_norm_after = 3.081651
vecR_norm_after = 3.081651
vecR_norm_after = 3.081651
vecR_norm_after = 3.081651
    5    6.603258e-01    0.999992   9.999505e-01
Entering jxf_ParBSRCommHandleDestroy
after jxf_ParBSRCommHandleDestroy, comm_handle=0x4f39450
Checking comm_handle structure:
  comm_handle->num_requests = 6
  comm_handle->requests = 0x4f39430
After macro expansion: requests=0x4f39430, num_requests=6
Entering num_requests
after num_requests 
after jxf_TFree(requests)
after jxf_TFree(comm_handle)
Entering jxf_ParBSRCommHandleDestroy
after jxf_ParBSRCommHandleDestroy, comm_handle=0x258b250
Checking comm_handle structure:
  comm_handle->num_requests = 4
  comm_handle->requests = 0x258b230
Entering jxf_ParBSRCommHandleDestroy
after jxf_ParBSRCommHandleDestroy, comm_handle=0x55c39d0
Checking comm_handle structure:
  comm_handle->num_requests = 6
  comm_handle->requests = 0x55c39b0
After macro expansion: requests=0x55c39b0, num_requests=6
Entering num_requests
After macro expansion: requests=0x258b230, num_requests=4
Entering num_requests
after num_requests 
after jxf_TFree(requests)
after jxf_TFree(comm_handle)after num_requests 
after jxf_TFree(requests)
after jxf_TFree(comm_handle)

Entering jxf_ParBSRCommHandleDestroy
after jxf_ParBSRCommHandleDestroy, comm_handle=0x4d02850
Checking comm_handle structure:
  comm_handle->num_requests = 4
  comm_handle->requests = 0x4d02830
After macro expansion: requests=0x4d02830, num_requests=4
Entering num_requests
after num_requests 
after jxf_TFree(requests)
after jxf_TFree(comm_handle)
Entering jxf_ParBSRCommHandleDestroy
after jxf_ParBSRCommHandleDestroy, comm_handle=0x4f39450
Checking comm_handle structure:
  comm_handle->num_requests = 6
  comm_handle->requests = 0x4f39430
After macro expansion: requests=0x4f39430, num_requests=6
Entering num_requests
Entering jxf_ParBSRCommHandleDestroy
after jxf_ParBSRCommHandleDestroy, comm_handle=0x258b250
Checking comm_handle structure:
  comm_handle->num_requests = 4
  comm_handle->requests = 0x258b230
After macro expansion: requests=0x258b230, num_requests=4
Entering num_requests
Entering jxf_ParBSRCommHandleDestroy
after jxf_ParBSRCommHandleDestroy, comm_handle=0x55c39d0
Checking comm_handle structure:
  comm_handle->num_requests = 6
  comm_handle->requests = 0x55c39b0
After macro expansion: requests=0x55c39b0, num_requests=6
Entering num_requests
after num_requests 
after jxf_TFree(requests)
after jxf_TFree(comm_handle)
after num_requests 
after jxf_TFree(requests)
after jxf_TFree(comm_handle)
after num_requests 
after jxf_TFree(requests)
after jxf_TFree(comm_handle)
Entering jxf_ParBSRCommHandleDestroy
after jxf_ParBSRCommHandleDestroy, comm_handle=0x4d02850
Checking comm_handle structure:
  comm_handle->num_requests = 4
  comm_handle->requests = 0x4d02830
After macro expansion: requests=0x4d02830, num_requests=4
Entering num_requests
after num_requests 
after jxf_TFree(requests)
after jxf_TFree(comm_handle)
IR Iteration 19: Residual = 6.603317e-01 (rel = 7.301131e-02)
Initial L2 norm of residual: 6.603259e-01
=============================================

Iters     resid.norm     conv.rate  rel.res.norm(wrt.b_norm)
-----    ------------    ---------- ------------------------
vecR_norm_before = 0.000000
vecR_norm_before = 0.000000
vecR_norm_before = 0.000000
vecR_norm_before = 0.000000
Entering jxf_ParBSRCommHandleDestroy
after jxf_ParBSRCommHandleDestroy, comm_handle=0x4f39570
Checking comm_handle structure:
  comm_handle->num_requests = 6
  comm_handle->requests = 0x4f39550
After macro expansion: requests=0x4f39550, num_requests=6
Entering num_requests
Entering jxf_ParBSRCommHandleDestroy
after jxf_ParBSRCommHandleDestroy, comm_handle=0x4d02970
Checking comm_handle structure:
  comm_handle->num_requests = 4
  comm_handle->requests = 0x4d02950
After macro expansion: requests=0x4d02950, num_requests=4
Entering num_requests
after num_requests 
after jxf_TFree(requests)
after jxf_TFree(comm_handle)
after num_requests 
after jxf_TFree(requests)
after jxf_TFree(comm_handle)
Entering jxf_ParBSRCommHandleDestroy
after jxf_ParBSRCommHandleDestroy, comm_handle=0x55c3af0
Checking comm_handle structure:
  comm_handle->num_requests = 6
  comm_handle->requests = 0x55c3ad0
After macro expansion: requests=0x55c3ad0, num_requests=6
Entering jxf_ParBSRCommHandleDestroy
after jxf_ParBSRCommHandleDestroy, comm_handle=0x258b380
Checking comm_handle structure:
  comm_handle->num_requests = 4
  comm_handle->requests = 0x258b360
After macro expansion: requests=0x258b360, num_requests=4
Entering num_requests
Entering num_requests
after num_requests 
after jxf_TFree(requests)
after jxf_TFree(comm_handle)
after num_requests 
after jxf_TFree(requests)
after jxf_TFree(comm_handle)
Entering jxf_ParBSRCommHandleDestroy
after jxf_ParBSRCommHandleDestroy, comm_handle=0x4f39570
Checking comm_handle structure:
  comm_handle->num_requests = 6
  comm_handle->requests = 0x4f39550
After macro expansion: requests=0x4f39550, num_requests=6
Entering num_requests
Entering jxf_ParBSRCommHandleDestroy
after jxf_ParBSRCommHandleDestroy, comm_handle=0x4d02970
Checking comm_handle structure:
  comm_handle->num_requests = 4
  comm_handle->requests = 0x4d02950
After macro expansion: requests=0x4d02950, num_requests=4
Entering num_requests
after num_requests 
after jxf_TFree(requests)
after jxf_TFree(comm_handle)
Entering jxf_ParBSRCommHandleDestroy
after jxf_ParBSRCommHandleDestroy, comm_handle=0x55c3af0
Checking comm_handle structure:
  comm_handle->num_requests = 6
  comm_handle->requests = 0x55c3ad0
After macro expansion: requests=0x55c3ad0, num_requests=6
Entering num_requests
after num_requests 
after jxf_TFree(requests)
after jxf_TFree(comm_handle)
after num_requests 
after jxf_TFree(requests)
after jxf_TFree(comm_handle)
Entering jxf_ParBSRCommHandleDestroy
after jxf_ParBSRCommHandleDestroy, comm_handle=0x258b380
Checking comm_handle structure:
  comm_handle->num_requests = 4
  comm_handle->requests = 0x258b360
After macro expansion: requests=0x258b360, num_requests=4
Entering num_requests
after num_requests 
after jxf_TFree(requests)
after jxf_TFree(comm_handle)
vecR_norm_after = 0.007011
vecR_norm_after = 0.007011
vecR_norm_after = 0.007011
vecR_norm_after = 0.007011
    1    6.603226e-01    0.999995   9.999951e-01
vecR_norm_before = 0.000000
vecR_norm_before = 0.000000
vecR_norm_before = 0.000000
vecR_norm_before = 0.000000
Entering jxf_ParBSRCommHandleDestroy
after jxf_ParBSRCommHandleDestroy, comm_handle=0x55c3c10
Checking comm_handle structure:
  comm_handle->num_requests = 6
  comm_handle->requests = 0x55c3bf0
After macro expansion: requests=0x55c3bf0, num_requests=6
Entering num_requests
Entering jxf_ParBSRCommHandleDestroy
after jxf_ParBSRCommHandleDestroy, comm_handle=0x4d02a90
Checking comm_handle structure:
  comm_handle->num_requests = 4
  comm_handle->requests = 0x4d02a70
After macro expansion: requests=0x4d02a70, num_requests=4
Entering num_requests
after num_requests 
after jxf_TFree(requests)
after jxf_TFree(comm_handle)
Entering jxf_ParBSRCommHandleDestroy
after jxf_ParBSRCommHandleDestroy, comm_handle=0x258b4a0
Checking comm_handle structure:
  comm_handle->num_requests = 4
  comm_handle->requests = 0x258b480
After macro expansion: requests=0x258b480, num_requests=4
Entering num_requests
after num_requests 
after jxf_TFree(requests)
after jxf_TFree(comm_handle)
after num_requests 
after jxf_TFree(requests)
after jxf_TFree(comm_handle)
Entering jxf_ParBSRCommHandleDestroy
after jxf_ParBSRCommHandleDestroy, comm_handle=0x4f39690
Checking comm_handle structure:
  comm_handle->num_requests = 6
  comm_handle->requests = 0x4f39670
After macro expansion: requests=0x4f39670, num_requests=6
Entering num_requests
after num_requests 
after jxf_TFree(requests)
after jxf_TFree(comm_handle)
Entering jxf_ParBSRCommHandleDestroy
after jxf_ParBSRCommHandleDestroy, comm_handle=0x55c3c10
Checking comm_handle structure:
  comm_handle->num_requests = 6
  comm_handle->requests = 0x55c3bf0
After macro expansion: requests=0x55c3bf0, num_requests=6
Entering num_requests
Entering jxf_ParBSRCommHandleDestroy
after jxf_ParBSRCommHandleDestroy, comm_handle=0x4f39690
Checking comm_handle structure:
  comm_handle->num_requests = 6
  comm_handle->requests = 0x4f39670
After macro expansion: requests=0x4f39670, num_requests=6
Entering num_requests
Entering jxf_ParBSRCommHandleDestroy
after jxf_ParBSRCommHandleDestroy, comm_handle=0x4d02a90
Checking comm_handle structure:
  comm_handle->num_requests = 4
  comm_handle->requests = 0x4d02a70
After macro expansion: requests=0x4d02a70, num_requests=4
Entering num_requests
after num_requests 
after jxf_TFree(requests)
after jxf_TFree(comm_handle)
after num_requests 
after jxf_TFree(requests)
after jxf_TFree(comm_handle)
after num_requests 
after jxf_TFree(requests)
after jxf_TFree(comm_handle)
Entering jxf_ParBSRCommHandleDestroy
after jxf_ParBSRCommHandleDestroy, comm_handle=0x258b4a0
Checking comm_handle structure:
  comm_handle->num_requests = 4
  comm_handle->requests = 0x258b480
After macro expansion: requests=0x258b480, num_requests=4
Entering num_requests
after num_requests 
after jxf_TFree(requests)
after jxf_TFree(comm_handle)
vecR_norm_after = 0.276102
vecR_norm_after = 0.276102
vecR_norm_after = 0.276102
vecR_norm_after = 0.276102
    2    6.603190e-01    0.999995   9.999896e-01
vecR_norm_before = 0.000000
vecR_norm_before = 0.000000
vecR_norm_before = 0.000000
vecR_norm_before = 0.000000
Entering jxf_ParBSRCommHandleDestroy
after jxf_ParBSRCommHandleDestroy, comm_handle=0x258b5c0
Checking comm_handle structure:
  comm_handle->num_requests = 4
  comm_handle->requests = 0x258b5a0
After macro expansion: requests=0x258b5a0, num_requests=4
Entering num_requests
Entering jxf_ParBSRCommHandleDestroy
after jxf_ParBSRCommHandleDestroy, comm_handle=0x4f397b0
Checking comm_handle structure:
  comm_handle->num_requests = 6
  comm_handle->requests = 0x4f39790
After macro expansion: requests=0x4f39790, num_requests=6
Entering num_requests
after num_requests 
after jxf_TFree(requests)
after jxf_TFree(comm_handle)
after num_requests 
after jxf_TFree(requests)
Entering jxf_ParBSRCommHandleDestroy
after jxf_ParBSRCommHandleDestroy, comm_handle=0x55c3d30
Checking comm_handle structure:
  comm_handle->num_requests = 6
  comm_handle->requests = 0x55c3d10
After macro expansion: requests=0x55c3d10, num_requests=6
Entering num_requests
after jxf_TFree(comm_handle)
after num_requests 
after jxf_TFree(requests)
after jxf_TFree(comm_handle)
Entering jxf_ParBSRCommHandleDestroy
after jxf_ParBSRCommHandleDestroy, comm_handle=0x4d02bb0
Checking comm_handle structure:
  comm_handle->num_requests = 4
  comm_handle->requests = 0x4d02b90
After macro expansion: requests=0x4d02b90, num_requests=4
Entering num_requests
after num_requests 
after jxf_TFree(requests)
after jxf_TFree(comm_handle)
Entering jxf_ParBSRCommHandleDestroy
after jxf_ParBSRCommHandleDestroy, comm_handle=0x4f397b0
Checking comm_handle structure:
  comm_handle->num_requests = 6
  comm_handle->requests = 0x4f39790
After macro expansion: requests=0x4f39790, num_requests=6
Entering num_requests
Entering jxf_ParBSRCommHandleDestroy
after jxf_ParBSRCommHandleDestroy, comm_handle=0x258b5c0
Checking comm_handle structure:
  comm_handle->num_requests = 4
  comm_handle->requests = 0x258b5a0
After macro expansion: requests=0x258b5a0, num_requests=4
Entering num_requests
after num_requests 
after jxf_TFree(requests)
after jxf_TFree(comm_handle)
Entering jxf_ParBSRCommHandleDestroy
after jxf_ParBSRCommHandleDestroy, comm_handle=0x55c3d30
Checking comm_handle structure:
  comm_handle->num_requests = 6
  comm_handle->requests = 0x55c3d10
After macro expansion: requests=0x55c3d10, num_requests=6
Entering num_requests
after num_requests 
after jxf_TFree(requests)
after jxf_TFree(comm_handle)
after num_requests 
after jxf_TFree(requests)
after jxf_TFree(comm_handle)
Entering jxf_ParBSRCommHandleDestroy
after jxf_ParBSRCommHandleDestroy, comm_handle=0x4d02bb0
Checking comm_handle structure:
  comm_handle->num_requests = 4
  comm_handle->requests = 0x4d02b90
After macro expansion: requests=0x4d02b90, num_requests=4
Entering num_requests
after num_requests 
after jxf_TFree(requests)
after jxf_TFree(comm_handle)
vecR_norm_after = 0.485642
vecR_norm_after = 0.485642
vecR_norm_after = 0.485642
vecR_norm_after = 0.485642
    3    6.603161e-01    0.999995   9.999851e-01
vecR_norm_before = 0.000000
vecR_norm_before = 0.000000
vecR_norm_before = 0.000000
vecR_norm_before = 0.000000
